id;最小高度;能被其他建筑建造;魔法升级说明;名字 - 编辑器后缀;可设置死亡掉落物品;攻击 2 - 全伤害范围;颜色值(绿);目标效果;高度变化 - 采样点数量;队形排列;循环淡入率;射弹碰撞偏移 - Z (深水);黄金奖励 - 骰子数量;生命回复;生命回复类型;颜色值(蓝);隐藏小地图显示;动画 - 跑步速度;编队优先权;攻击 1 - 攻击范围缓冲;放置要求距离水的范围;建筑;选择圈高度;英雄 - 每等级提升力量;图标 - 计分屏;动画 - 转向角度;Y轴最大旋转角度(弧度);可以逃跑;制造物品;攻击 2 - 武器声音;攻击 1 - 投射物图像;英雄 - 初始敏捷;英雄 - 隐藏小地图英雄显示;攻击 2 - 射弹弧度;AI放置范围;攻击 2 - 射弹速率;攻击 1 - 中伤害范围;随机;黄金奖励 - 基础值;普通;木材奖励 - 基础值;攻击 2 - 投射物图像;地形设置;选择圈在水面上;动画 - 混合时间(秒);装甲类型;攻击 2 - 攻击间隔;射弹碰撞偏移 - Z;攻击 1 - 全伤害范围;称谓;攻击 1 - 武器声音;使用点击帮助;攻击 1 - 射弹速率;高度;攻击 2 - 中伤害参数;视野范围(夜晚);战争迷雾 - 采样范围;攻击 1 - 伤害骰子面数;攻击 1 -最大目标数;攻击 1 - 射弹弧度;射弹偏移 - Y;主动攻击范围;攻击 2 - 攻击类型;建筑升级;最大速度;修理黄金消耗;生命最大值;魔法升级名字;要求骨骼名;动画 - 魔法施放回复;攻击 1 - 小伤害范围;选择缩放;循环淡出率;英雄 - 隐藏英雄死亡信息;英雄 - 初始力量;阴影图像 - 宽度;队伍颜色;分类 - 特殊;木材消耗;黄金奖励 - 骰子面数;需求 - 等级 2;攻击 1 - 穿透伤害距离;攻击 2 - 穿透伤害范围;英雄;视野范围(白天);攻击 2 - 射弹自导允许;闭塞高度;攻击 2 - 伤害骰子数量;按钮位置(Y);射弹偏移 - X;特殊效果;木材奖励 - 骰子面数;攻击 2 - 动画回复点;模型文件;提示工具 -唤醒;是一个建筑;修理木材消耗;阴影图像 - Y轴偏移;攻击 1 - 攻击间隔;按钮位置(X);路径纹理;单位声音设置;雇佣开始时间;阴影图像 - X轴偏移;射弹偏移 - Z;攻击 1 - 攻击类型;分类 - 战役;基础速度;英雄 - 主要属性;射弹偏移 - Z (深水);允许攻击模式;可研究项目;攻击 2 - 伤害衰减参数;木材奖励 - 骰子数量;最小速度;作为目标类型;护甲类型;攻击 1 - 伤害骰子数量;模型缩放;碰撞体积;攻击 2 - 伤害升级奖励;攻击 1 - 射弹自导允许;阴影图像 - 高度;提示工具 - 基础;默认主动技能;放置不允许;提供人口;名字;阴影图像(单位);类型;售出物品;不可见区域显示单位;深水区有阴影;死亡类型;攻击 2 - 攻击范围缓冲;单位附加值;攻击 2 - 穿透伤害距离;魔法初始数量;攻击 1 - 伤害升级奖励;攻击 2 - 中伤害范围;攻击 1 - 范围影响目标;攻击 1 - 攻击范围;英雄 - 隐藏英雄栏图标;占用人口;单位类别;英雄 - 每等级提升智力;动画 - 转向补正;放置要求;攻击 1 - 武器类型;可重生阵亡英雄;图标 - 游戏界面;英雄 - 初始智力;修理时间;基础护甲;使用科技;攻击 1 - 穿透伤害范围;可作为中立敌对显示;AI放置类型;组群分离 - 参数;组群分离 -优先权;攻击 1 - 伤害衰减参数;建筑地面纹理;运输尺寸;攻击 2 - 显示UI;英雄 - 每等级提升敏捷;高度变化 - 采样范围;魔法最大值;缩放投射物;攻击 1 - 小伤害参数;说明;攻击 1 - 基础伤害;要求附加动画链接名;最小攻击范围;有地形指定数据;攻击 1 - 显示UI;种族;要求动画名 - 附加动画;攻击 1 - 动画伤害点;队伍颜色 - 允许自定义;建造时间;攻击 2 - 伤害骰子面数;从属等价物;移动;攻击 1 - 中伤害参数;中立建筑 - 显示小地图标记;可建造建筑;攻击 2 -最大目标数;魔法升级图标;雇佣时间间隔;提示工具 - 扩展;最大库存量;中立建筑 - 可作为随机建筑;攻击 2 - 目标允许;等级;死亡时间(秒);称谓数量;提示工具 -重生;黄金消耗;动画 - 行走速度;售出单位;需求 -使用等级数;攻击 2 - 范围影响目标;转身速度;能建造在其他建筑上;攻击 1 - 目标允许;训练单位;颜色值(红);模型文件 - 版本;攻击 1 - 动画回复点;攻击 2 - 小伤害范围;需求;允许睡眠;组群分离 - 组号;攻击 2 - 动画伤害点;攻击 2 - 攻击范围;阴影图像(建筑);热键;防御升级奖励;要求动画名;可在编辑器中放置;攻击 2 - 武器类型;攻击 2 - 小伤害参数;组群分离 - 允许;需求 - 等级 3;动画 - 魔法施放点;X轴最大旋转角度(弧度);魔法回复;攻击 2 - 基础伤害;模板;类型
id;moveFloor;canBuildOn;Casterupgradetip;EditorSuffix;dropItems;Farea2;green;Targetart;elevPts;formation;LoopingSoundFadeIn;impactSwimZ;bountydice;regenHP;regenType;blue;hideOnMinimap;run;prio;RngBuff1;requireWaterRadius;BuildingSoundLabel;selZ;STRplus;ScoreScreenIcon;propWin;maxRoll;canFlee;Makeitems;weapType2;Missileart_1;AGI;hideHeroMinimap;Missilearc_2;buffRadius;Missilespeed_2;Harea1;RandomSoundLabel;bountyplus;abilList;lumberbountyplus;Missileart_2;tilesets;selCircOnWater;blend;armor;cool2;impactZ;Farea1;Propernames;weapType1;useClickHelper;Missilespeed_1;moveHeight;Hfact2;nsight;fogRad;sides1;targCount1;Missilearc_1;launchY;acquire;atkType2;Upgrade;maxSpd;goldRep;HP;Casterupgradename;Boneprops;castbsw;Qarea1;scale;LoopingSoundFadeOut;hideHeroDeathMsg;STR;shadowW;teamColor;special;lumbercost;bountysides;Requires1;spillDist1;spillRadius2;heroAbilList;sight;MissileHoming_2;occH;dice2;Buttonpos_2;launchX;Specialart;lumberbountysides;backSw2;file;Awakentip;isbldg;lumberRep;shadowY;cool1;Buttonpos_1;pathTex;unitSound;stockStart;shadowX;launchZ;atkType1;campaign;spd;Primary;launchSwimZ;weapsOn;Researches;damageLoss2;lumberbountydice;minSpd;targType;defType;dice1;modelScale;collision;dmgUp2;MissileHoming_1;shadowH;Tip;auto;requirePlace;fmade;Name;unitShadow;movetp;Sellitems;fatLOS;shadowOnWater;deathType;RngBuff2;points;spillDist2;mana0;dmgUp1;Harea2;splashTargs1;rangeN1;hideHeroBar;fused;type;INTplus;orientInterp;preventPlace;weapTp1;Revive;Art;INT;reptm;def;upgrades;spillRadius1;hostilePal;buffType;repulseParam;repulsePrio;damageLoss1;uberSplat;cargoSize;showUI2;AGIplus;elevRad;manaN;scaleBull;Qfact1;Description;dmgplus1;Attachmentlinkprops;minRange;tilesetSpecific;showUI1;race;Attachmentanimprops;dmgpt1;customTeamColor;bldtm;sides2;DependencyOr;MovementSoundLabel;Hfact1;nbmmIcon;Builds;targCount2;Casterupgradeart;stockRegen;Ubertip;stockMax;nbrandom;targs2;level;death;nameCount;Revivetip;goldcost;walk;Sellunits;Requirescount;splashTargs2;turnRate;isBuildOn;targs1;Trains;red;fileVerFlags;backSw1;Qarea2;Requires;canSleep;repulseGroup;dmgpt2;rangeN2;buildingShadow;Hotkey;defUp;animProps;inEditor;weapTp2;Qfact2;repulse;Requires2;castpt;maxPitch;regenMana;dmgplus2;_parent;_tp
e000;0;0;null;null;1;0;255;null;0;0;0;0;7;0.5;night;255;0;240;3;250;0;null;0;0;null;60;10;1;null;null;Abilities\Weapons\SentinelMissile\SentinelMissile.mdl;0;0;0;0;0;0;null;25;Aesn,Amgl,Aien,Ault;0;null;*;0;0.15;Flesh;0;60;400;null;MetalMediumSlice;0;900;0;0;800;0;1;2;0.1;0;500;normal;null;0;195;1400;null;null;0.4;0;1.5;0;0;0;190;-1;0;20;3;null;0;0;null;1400;0;0;0;0;0;Objects\Spawnmodels\NightElf\NightElfLargeDeathExplode\NightElfLargeDeathExplode.mdl;0;0;units\creeps\OrcWarlock\OrcWarlock.mdl;null;0;20;75;1.8;1;null;Huntress;0;75;60;normal;0;350;null;0;null;null;0;0;0;ground;medium;1;1;10;0;0;190;训练老巫师(|cffffcc00H|r);null;null;0;老巫师;Shadow;foot;null;0;1;3;0;100;0;0;0;0;ground,structure,debris,enemy;225;0;3;null;0;4;null;mbounce;0;ReplaceableTextures\CommandButtons\BTNHuntress.blp;0;30;7;Resm,Rema,Resc,Reuv,Remg,Repm;0;0;null;0;0;0.5;null;1;1;0;30;0;1;0;null;999;null;0;0;1;nightelf;medium;0.46;0;30;0;null;null;0;0;null;1;null;30;灵活的近距离攻击单位。|n|n|cffffcc00能攻击地面单位。|r;3;0;null;3;3;0;null;195;240;null;0;null;0.6;0;ground,structure,debris,item,ward;null;255;0;0.54;0;edob;0;0;0;0;null;H;2;null;1;null;0;0;null;0.6;45;0;0;esen;unit
e001;0;0;null;null;1;0;255;null;0;0;0;0;7;0.5;night;255;0;240;3;250;0;null;0;0;null;60;10;1;null;null;Abilities\Weapons\SentinelMissile\SentinelMissile.mdl;0;0;0;0;0;0;null;25;Aesn,Amgl,Aien,Ault;0;null;*;0;0.15;Flesh;0;60;400;null;MetalMediumSlice;0;900;0;0;800;0;1;2;0.1;0;500;normal;null;0;195;1700;null;null;0.4;0;1.5;0;0;0;190;-1;0;20;3;null;0;0;null;1400;0;0;0;0;0;Objects\Spawnmodels\NightElf\NightElfLargeDeathExplode\NightElfLargeDeathExplode.mdl;0;0;units\other\DalaranMutant\DalaranMutant.mdl;null;0;20;75;1.8;1;null;Huntress;0;75;60;normal;0;350;null;0;null;null;0;0;0;ground;large;1;1;10;0;0;190;训练恶鬼(|cffffcc00H|r);null;null;0;恶鬼;Shadow;foot;null;0;1;3;0;100;0;0;0;0;ground,structure,debris,enemy;225;0;3;null;0;4;null;mbounce;0;ReplaceableTextures\CommandButtons\BTNHuntress.blp;0;30;5;Resm,Rema,Resc,Reuv,Remg,Repm;0;0;null;0;0;0.5;null;1;1;0;30;0;1;0;null;999;null;0;0;1;nightelf;medium;0.46;0;30;0;null;null;0;0;null;1;null;30;灵活的近距离攻击单位。|n|n|cffffcc00能攻击地面单位。|r;3;0;null;3;3;0;null;195;240;null;0;null;0.6;0;ground,structure,debris,item,ward;null;255;0;0.54;0;edob;0;0;0;0;null;H;2;null;1;null;0;0;null;0.6;45;0;0;esen;unit
e002;0;0;null;null;1;0;255;null;0;0;0;0;7;0.5;night;255;0;240;3;250;0;null;0;0;null;60;10;1;null;null;Abilities\Weapons\SentinelMissile\SentinelMissile.mdl;0;0;0;0;0;0;null;25;Aesn,Amgl,Aien,Ault;0;null;*;0;0.15;Flesh;0;60;400;null;MetalMediumSlice;0;900;0;0;800;0;1;2;0.1;0;500;normal;null;0;195;2000;null;null;0.4;0;1.5;0;0;0;190;-1;0;20;3;null;0;0;null;1400;0;0;0;0;0;Objects\Spawnmodels\NightElf\NightElfLargeDeathExplode\NightElfLargeDeathExplode.mdl;0;0;units\creeps\HighElfArcher\HighElfArcher.mdl;null;0;20;75;1.8;1;null;Huntress;0;75;60;normal;0;350;null;0;null;null;0;0;0;ground;fort;1;1;10;0;0;190;训练长弓猎手(|cffffcc00H|r);null;null;0;长弓猎手;Shadow;foot;null;0;1;3;0;100;0;0;0;0;ground,structure,debris,enemy;225;0;3;null;0;4;null;mbounce;0;ReplaceableTextures\CommandButtons\BTNHuntress.blp;0;30;6;Resm,Rema,Resc,Reuv,Remg,Repm;0;0;null;0;0;0.5;null;1;1;0;30;0;1;0;null;999;null;0;0;1;nightelf;medium;0.46;0;30;0;null;null;0;0;null;1;null;30;灵活的近距离攻击单位。|n|n|cffffcc00能攻击地面单位。|r;3;0;null;3;3;0;null;195;240;null;0;null;0.6;0;ground,structure,debris,item,ward;null;255;0;0.54;0;edob;0;0;0;0;null;H;2;null;1;null;0;0;null;0.6;45;0;0;esen;unit
e003;0;0;null;null;1;0;255;null;0;0;0;0;7;0.5;night;255;0;240;3;250;0;null;0;0;null;60;10;1;null;null;Abilities\Weapons\SentinelMissile\SentinelMissile.mdl;0;0;0;0;0;0;null;25;Aesn,Amgl,Aien,Ault;0;null;*;0;0.15;Flesh;0;60;400;null;MetalMediumSlice;0;900;0;0;800;0;1;2;0.1;0;500;normal;null;0;195;2500;null;null;0.4;0;1.5;0;0;0;190;-1;0;20;3;null;0;0;null;1400;0;0;0;0;0;Objects\Spawnmodels\NightElf\NightElfLargeDeathExplode\NightElfLargeDeathExplode.mdl;0;0;units\human\Knight\Knight.mdl;null;0;20;75;1.8;1;null;Huntress;0;75;60;normal;0;350;null;0;null;null;0;0;0;ground;normal;1;1;10;0;0;190;训练先锋骑士(|cffffcc00H|r);null;null;0;先锋骑士;Shadow;foot;null;0;1;3;0;100;0;0;0;0;ground,structure,debris,enemy;225;0;3;null;0;4;null;mbounce;0;ReplaceableTextures\CommandButtons\BTNHuntress.blp;0;30;5;Resm,Rema,Resc,Reuv,Remg,Repm;0;0;null;0;0;0.5;null;1;1;0;30;0;1;0;null;999;null;0;0;1;nightelf;medium;0.46;0;30;0;null;null;0;0;null;1;null;30;灵活的近距离攻击单位。|n|n|cffffcc00能攻击地面单位。|r;3;0;null;3;3;0;null;195;240;null;0;null;0.6;0;ground,structure,debris,item,ward;null;255;0;0.54;0;edob;0;0;0;0;null;H;2;null;1;null;0;0;null;0.6;45;0;0;esen;unit
e004;0;0;null;null;1;0;255;null;0;0;0;0;7;0.5;night;255;0;240;3;250;0;null;0;0;null;60;10;1;null;null;Abilities\Weapons\SentinelMissile\SentinelMissile.mdl;0;0;0;0;0;0;null;25;Aesn,Amgl,Aien,Ault;0;null;*;0;0.15;Flesh;0;60;400;null;MetalMediumSlice;0;900;0;0;800;0;1;2;0.1;0;500;normal;null;0;195;35000;null;null;0.4;0;1.5;0;0;0;190;-1;0;20;3;null;0;0;null;1400;0;0;0;0;0;Objects\Spawnmodels\NightElf\NightElfLargeDeathExplode\NightElfLargeDeathExplode.mdl;0;0;units\other\Proudmoore\Proudmoore.mdl;null;0;20;75;1.8;1;null;Huntress;0;75;60;normal;0;350;null;0;null;null;0;0;0;ground;hero;1;2.5;10;0;0;190;训练巨大的船长(|cffffcc00H|r);null;null;0;巨大的船长;Shadow;foot;null;0;1;3;0;100;0;0;0;0;ground,structure,debris,enemy;225;0;3;null;0;4;null;mbounce;0;ReplaceableTextures\CommandButtons\BTNHuntress.blp;0;30;5;Resm,Rema,Resc,Reuv,Remg,Repm;0;0;null;0;0;0.5;null;1;1;0;30;0;1;0;null;999;null;0;0;1;nightelf;medium;0.46;0;30;0;null;null;0;0;null;1;null;30;灵活的近距离攻击单位。|n|n|cffffcc00能攻击地面单位。|r;3;0;null;3;3;0;null;195;240;null;0;null;0.6;0;ground,structure,debris,item,ward;null;255;0;0.54;0;edob;0;0;0;0;null;H;2;null;1;null;0;0;null;0.6;45;0;0;esen;unit
h000;0;0;null;null;1;0;255;null;4;0;512;0;0;0;none;255;0;200;6;0;0;BuildingConstructionLoop;0;0;null;60;0;1;null;null;Abilities\Weapons\GuardTowerMissile\GuardTowerMissile.mdl;0;0;0;8;0;0;null;0;Avul;0;null;*;0;0.15;Wood;0;160;0;null;null;0;1800;0;0;600;0;0;0;0.15;0;0;normal;null;0;385;1500;null;null;0.51;0;6.3;512;0;0;0;-1;0;205;0;null;0;0;null;900;0;0;0;0;0;Objects\Spawnmodels\Human\HCancelDeath\HCancelDeath.mdl;0;0;buildings\human\TownHall\TownHall;null;1;205;0;0;0;PathTextures\16x16Simple.tga;TownHall;0;0;60;normal;0;0;null;0;null;null;0;0;0;structure;fort;0;1;176;0;0;0;建造酒馆(|cffffcc00H|r);null;null;2;酒馆;null;null;null;0;1;2;0;100;0;0;0;0;null;0;0;0;TownHall,Mechanical;0;0;unwalkable;null;0;ReplaceableTextures\CommandButtons\BTNTownHall.blp;0;180;5;null;0;0;townhall;0;0;0;HTOW;0;1;0;50;0;1;0;null;0;null;0;1;1;human;large;0;0;180;0;null;null;0;0;null;1;null;0;雇佣农民，能让玩家建造许多新的建筑物和单位。;0;0;null;0;3.17;0;null;385;200;null;0;null;0;0;null;u005,u004,u003,u000,u001,u002;255;0;0;0;null;0;0;0;0;ShadowTownhall;H;1;null;1;null;0;0;null;0;0;0;0;htow;unit
h001;0;0;null;null;1;0;255;null;0;0;0;0;6;0.25;always;255;0;210;6;250;0;null;0;0;null;60;10;1;null;null;null;0;0;0;0;1500;0;null;20;Adef,Aihn;0;null;*;0;0.15;Metal;0;60;0;null;MetalMediumSlice;0;1500;0;0;800;0;1;1;0;0;500;normal;null;0;135;20;null;null;0.51;0;1;0;0;0;140;-1;0;0;3;null;0;0;null;1400;0;0;0;0;0;Objects\Spawnmodels\Human\HumanLargeDeathExplode\HumanLargeDeathExplode.mdl;0;0;units\human\Sorceress\Sorceress_V1.mdl;null;0;0;50;1.35;0;null;Footman;0;50;60;normal;0;270;null;0;null;null;0;0;0;ground;normal;1;1;10;0;0;140;训练女巫(|cffffcc00F|r);null;null;0;女巫;Shadow;foot;null;0;1;3;0;100;0;0;0;0;null;90;0;2;null;0;0;null;normal;0;ReplaceableTextures\CommandButtons\BTNFootman.blp;0;20;1;Rhar,Rhme,Rhde,Rhpm,Rguv;0;0;null;0;0;0;null;1;1;0;20;0;1;0;null;999;null;0;0;1;human;null;0.5;0;20;0;null;null;0;0;null;1;null;30;步兵能学习到防御模式技能。|n|n|cffffcc00能攻击地面单位。|r;3;0;null;2;3.04;0;null;135;210;null;0;null;0.6;0;ground,structure,debris,item,ward;null;255;0;0.5;0;null;0;0;0;0;null;F;2;null;1;null;0;0;null;0.3;10;0;0;hfoo;unit
h002;0;0;null;null;1;0;255;null;0;0;0;0;6;0.25;always;255;0;210;6;250;0;null;0;0;null;60;10;1;null;null;null;0;0;0;0;1500;0;null;20;Adef,Aihn;0;null;*;0;0.15;Metal;0;60;0;null;MetalMediumSlice;0;1500;0;0;800;0;1;1;0;0;500;normal;null;0;135;45;null;null;0.51;0;1;0;0;0;140;-1;0;0;3;null;0;0;null;1400;0;0;0;0;0;Objects\Spawnmodels\Human\HumanLargeDeathExplode\HumanLargeDeathExplode.mdl;0;0;units\nightelf\HeroDemonHunter\HeroDemonHunter.mdl;null;0;0;50;1.35;0;null;Footman;0;50;60;normal;0;270;null;0;null;null;0;0;0;ground;small;1;1;10;0;0;140;训练尤迪安(|cffffcc00F|r);null;null;0;尤迪安;Shadow;foot;null;0;1;3;0;100;0;0;0;0;null;90;0;2;null;0;0;null;normal;0;ReplaceableTextures\CommandButtons\BTNFootman.blp;0;20;2;Rhar,Rhme,Rhde,Rhpm,Rguv;0;0;null;0;0;0;null;1;1;0;20;0;1;0;null;999;null;0;0;1;human;null;0.5;0;20;0;null;null;0;0;null;1;null;30;步兵能学习到防御模式技能。|n|n|cffffcc00能攻击地面单位。|r;3;0;null;2;3.04;0;null;135;210;null;0;null;0.6;0;ground,structure,debris,item,ward;null;255;0;0.5;0;null;0;0;0;0;null;F;2;null;1;null;0;0;null;0.3;10;0;0;hfoo;unit
h003;0;0;null;null;1;0;255;null;0;0;0;0;6;0.25;always;255;0;210;6;250;0;null;0;0;null;60;10;1;null;null;null;0;0;0;0;1500;0;null;20;Adef,Aihn;0;null;*;0;0.15;Metal;0;60;0;null;MetalMediumSlice;0;1500;0;0;800;0;1;1;0;0;500;normal;null;0;135;95;null;null;0.51;0;1;0;0;0;140;-1;0;0;3;null;0;0;null;1400;0;0;0;0;0;Objects\Spawnmodels\Human\HumanLargeDeathExplode\HumanLargeDeathExplode.mdl;0;0;units\creeps\OgreOneHeaded\OgreOneHeaded.mdl;null;0;0;50;1.35;0;null;Footman;0;50;60;normal;0;270;null;0;null;null;0;0;0;ground;medium;1;1;10;0;0;140;训练石锤食人魔(|cffffcc00F|r);null;null;0;石锤食人魔;Shadow;foot;null;0;1;3;0;100;0;0;0;0;null;90;0;2;null;0;0;null;normal;0;ReplaceableTextures\CommandButtons\BTNFootman.blp;0;20;3;Rhar,Rhme,Rhde,Rhpm,Rguv;0;0;null;0;0;0;null;1;1;0;20;0;1;0;null;999;null;0;0;1;human;null;0.5;0;20;0;null;null;0;0;null;1;null;30;步兵能学习到防御模式技能。|n|n|cffffcc00能攻击地面单位。|r;3;0;null;2;3.04;0;null;135;210;null;0;null;0.6;0;ground,structure,debris,item,ward;null;255;0;0.5;0;null;0;0;0;0;null;F;2;null;1;null;0;0;null;0.3;10;0;0;hfoo;unit
h004;0;0;null;null;1;0;255;null;0;0;0;0;6;0.25;always;255;0;210;6;250;0;null;0;0;null;60;10;1;null;null;null;0;0;0;0;1500;0;null;20;Adef,Aihn;0;null;*;0;0.15;Metal;0;60;0;null;MetalMediumSlice;0;1500;0;0;800;0;1;1;0;0;500;normal;null;0;135;125;null;null;0.51;0;1;0;0;0;140;-1;0;0;3;null;0;0;null;1400;0;0;0;0;0;Objects\Spawnmodels\Human\HumanLargeDeathExplode\HumanLargeDeathExplode.mdl;0;0;units\critters\HighElfPeasant\HighElfPeasant.mdl;null;0;0;50;1.35;0;null;Footman;0;50;60;normal;0;270;null;0;null;null;0;0;0;ground;large;1;1;10;0;0;140;训练血精灵工程师(|cffffcc00F|r);null;null;0;血精灵工程师;Shadow;foot;null;0;1;3;0;100;0;0;0;0;null;90;0;2;null;0;0;null;normal;0;ReplaceableTextures\CommandButtons\BTNFootman.blp;0;20;4;Rhar,Rhme,Rhde,Rhpm,Rguv;0;0;null;0;0;0;null;1;1;0;20;0;1;0;null;999;null;0;0;1;human;null;0.5;0;20;0;null;null;0;0;null;1;null;30;步兵能学习到防御模式技能。|n|n|cffffcc00能攻击地面单位。|r;3;0;null;2;3.04;0;null;135;210;null;0;null;0.6;0;ground,structure,debris,item,ward;null;255;0;0.5;0;null;0;0;0;0;null;F;2;null;1;null;0;0;null;0.3;10;0;0;hfoo;unit
h005;0;0;null;null;1;0;255;null;0;2;0;0;6;0.25;always;255;0;240;2;250;0;null;0;0;null;60;10;1;null;null;Abilities\Weapons\Rifle\RifleImpact.mdl;0;0;0;0;0;0;null;20;Aihn;0;null;*;0;0.15;Flesh;0;60;0;null;null;0;1900;0;0;800;0;1;1;0;0;600;normal;null;0;205;3250;null;null;0.51;0;1;0;0;0;120;-1;0;30;3;null;0;0;null;1400;0;0;0;0;0;Objects\Spawnmodels\Human\HumanLargeDeathExplode\HumanLargeDeathExplode.mdl;0;0;units\human\Footman\Footman.mdl;null;0;30;50;1.5;1;null;Rifleman;0;50;60;pierce;0;270;null;0;null;null;0;0;0;ground;small;1;1.45;10;0;0;120;训练步兵(|cffffcc00R|r);null;null;0;步兵;Shadow;foot;null;0;1;3;0;100;0;0;0;0;null;400;0;3;null;0;0;null;instant;0;ReplaceableTextures\CommandButtons\BTNRifleman.blp;0;26;6;Rhla,Rhra,Rhri,Rhpm,Rguv;0;0;null;0;0;0;null;1;1;0;20;0;1;0;null;999;null;0;0;1;human;null;0.17;0;26;0;null;null;0;0;null;1;null;30;非常适合于对付敌人的空中单位，还能获得长管火枪的升级。|n|n|cffffcc00能攻击地面和空中单位。|r;3;0;null;3;1.7;0;null;205;240;null;0;null;0.6;0;ground,structure,debris,air,item,ward;null;255;0;0.7;0;hbla;0;0;0;0;null;R;21;null;1;null;0;0;null;0.3;10;0;0;hrif;unit
h006;0;0;null;null;1;0;255;null;0;2;0;0;6;0.25;always;255;0;240;2;250;0;null;0;0;null;60;10;1;null;null;Abilities\Weapons\Rifle\RifleImpact.mdl;0;0;0;0;0;0;null;20;Aihn;0;null;*;0;0.15;Flesh;0;60;0;null;null;0;1900;0;0;800;0;1;1;0;0;600;normal;null;0;205;3750;null;null;0.51;0;1;0;0;0;120;-1;0;30;3;null;0;0;null;1400;0;0;0;0;0;Objects\Spawnmodels\Human\HumanLargeDeathExplode\HumanLargeDeathExplode.mdl;0;0;units\undead\Tichondrius\Tichondrius.mdl;null;0;30;50;1.5;1;null;Rifleman;0;50;60;pierce;0;270;null;0;null;null;0;0;0;ground;medium;1;1;10;0;0;120;训练巴纳泽尔(|cffffcc00R|r);null;null;0;巴纳泽尔;Shadow;foot;null;0;1;3;0;100;0;0;0;0;null;400;0;3;null;0;0;null;instant;0;ReplaceableTextures\CommandButtons\BTNRifleman.blp;0;26;5;Rhla,Rhra,Rhri,Rhpm,Rguv;0;0;null;0;0;0;null;1;1;0;20;0;1;0;null;999;null;0;0;1;human;null;0.17;0;26;0;null;null;0;0;null;1;null;30;非常适合于对付敌人的空中单位，还能获得长管火枪的升级。|n|n|cffffcc00能攻击地面和空中单位。|r;3;0;null;3;1.7;0;null;205;240;null;0;null;0.6;0;ground,structure,debris,air,item,ward;null;255;0;0.7;0;hbla;0;0;0;0;null;R;22;null;1;null;0;0;null;0.3;10;0;0;hrif;unit
h007;0;0;null;null;1;0;255;null;0;2;0;0;6;0.25;always;255;0;240;2;250;0;null;0;0;null;60;10;1;null;null;Abilities\Weapons\Rifle\RifleImpact.mdl;0;0;0;0;0;0;null;20;Aihn;0;null;*;0;0.15;Flesh;0;60;0;null;null;0;1900;0;0;800;0;1;1;0;0;600;normal;null;0;205;4500;null;null;0.51;0;1;0;0;0;120;-1;0;30;3;null;0;0;null;1400;0;0;0;0;0;Objects\Spawnmodels\Human\HumanLargeDeathExplode\HumanLargeDeathExplode.mdl;0;0;units\nightelf\Vengeance\Vengeance.mdl;null;0;30;50;1.5;1;null;Rifleman;0;50;60;pierce;0;270;null;0;null;null;0;0;0;ground;large;1;1;10;0;0;120;训练复仇之魂(|cffffcc00R|r);null;null;0;复仇之魂;Shadow;foot;null;0;1;3;0;100;0;0;0;0;null;400;0;3;null;0;0;null;instant;0;ReplaceableTextures\CommandButtons\BTNRifleman.blp;0;26;7;Rhla,Rhra,Rhri,Rhpm,Rguv;0;0;null;0;0;0;null;1;1;0;20;0;1;0;null;999;null;0;0;1;human;null;0.17;0;26;0;null;null;0;0;null;1;null;30;非常适合于对付敌人的空中单位，还能获得长管火枪的升级。|n|n|cffffcc00能攻击地面和空中单位。|r;3;0;null;3;1.7;0;null;205;240;null;0;null;0.6;0;ground,structure,debris,air,item,ward;null;255;0;0.7;0;hbla;0;0;0;0;null;R;23;null;1;null;0;0;null;0.3;10;0;0;hrif;unit
h008;0;0;null;null;1;0;255;null;0;2;0;0;6;0.25;always;255;0;240;2;250;0;null;0;0;null;60;10;1;null;null;Abilities\Weapons\Rifle\RifleImpact.mdl;0;0;0;0;0;0;null;20;Aihn;0;null;*;0;0.15;Flesh;0;60;0;null;null;0;1900;0;0;800;0;1;1;0;0;600;normal;null;0;205;5500;null;null;0.51;0;1;0;0;0;120;-1;0;30;3;null;0;0;null;1400;0;0;0;0;0;Objects\Spawnmodels\Human\HumanLargeDeathExplode\HumanLargeDeathExplode.mdl;0;0;units\human\Peasant\Peasant.mdl;null;0;30;50;1.5;1;null;Rifleman;0;50;60;pierce;0;270;null;0;null;null;0;0;0;ground;fort;1;1;10;0;0;120;训练农民(|cffffcc00R|r);null;null;0;农民;Shadow;foot;null;0;1;3;0;100;0;0;0;0;null;400;0;3;null;0;0;null;instant;0;ReplaceableTextures\CommandButtons\BTNRifleman.blp;0;26;5;Rhla,Rhra,Rhri,Rhpm,Rguv;0;0;null;0;0;0;null;1;1;0;20;0;1;0;null;999;null;0;0;1;human;null;0.17;0;26;0;null;null;0;0;null;1;null;30;非常适合于对付敌人的空中单位，还能获得长管火枪的升级。|n|n|cffffcc00能攻击地面和空中单位。|r;3;0;null;3;1.7;0;null;205;240;null;0;null;0.6;0;ground,structure,debris,air,item,ward;null;255;0;0.7;0;hbla;0;0;0;0;null;R;24;null;1;null;0;0;null;0.3;10;0;0;hrif;unit
h009;90;0;null;null;1;0;255;Abilities\Weapons\GryphonRiderMissile\GryphonRiderMissileTarget.mdl;2;2;0;0;7;0.25;always;255;0;200;2;250;0;null;230;0;null;61;25;1;null;null;Abilities\Weapons\GryphonRiderMissile\GryphonRiderMissile.mdl;0;0;0;0;0;0;null;25;Asth;0;null;*;0;0.15;Flesh;2.4;20;0;null;null;0;1100;240;0;900;0;11;1;0.15;-17;500;pierce;null;0;280;4000;null;null;0.5;0;1.5;0;0;0;180;-1;0;70;3;null;0;0;null;1600;0;0;1;0;12;null;0;0.87;units\human\Gyrocopter\Gyrocopter_V1.mdl;null;0;70;90;2.2;0;null;GryphonRider;0;90;33;pierce;0;320;null;0;null;null;0;0;0;air;fort;0;1.2;50;0;0;180;训练飞行机器(|cffffcc00G|r);null;null;0;飞行机器;ShadowFlyer;fly;null;0;1;0;250;100;0;0;0;0;ground,structure,enemy,debris;450;0;4;null;0;1;null;mline;0;ReplaceableTextures\CommandButtons\BTNGryphonRider.blp;0;45;10;Rhan,Rhla,Rhhb,Rhme,Rguv;50;0;null;0;0;0.2;null;0;1;0;50;0;1;0;null;1000;null;0;0;1;human;medium;0.8;0;45;11;null;null;0;0;null;1;null;30;威力巨大的飞行单位，狮鹫上面骑乘着一个矮人族的锤手。能学到风暴战锤技能。|n|n|cffffcc00能攻击地面和空中单位。|r;3;0;air;5;1.67;0;null;280;200;null;0;null;0.4;0;ground,structure,debris,item,ward;null;255;0;0.87;0;null;0;0;0.8;450;null;G;25;null;1;missile;0;1;null;0.3;33;0;44;hgry;unit
n000;0;0;null;null;1;0;255;null;0;0;0;0;0;0;none;255;0;200;1;0;0;null;0;0;null;60;25;1;null;null;null;0;0;0;0;1500;0;null;0;Amnx,Amin;0;null;*;0;0.15;Flesh;0;60;0;null;null;0;1500;0;0;0;0;0;0;0;0;0;normal;null;0;0;100;null;null;0.51;0;0.75;0;0;0;70;-1;0;0;0;null;0;0;null;0;0;0;0;0;0;null;0;0;Objects\InventoryItems\Rune\Rune.mdl;null;0;0;25;0;0;null;GoblinLandMine;0;25;60;normal;1;0;null;0;null;null;0;0;0;ward;medium;0;0.4;16;0;0;70;训练地雷大师(|cffffcc00F|r);null;null;0;地雷大师;Shadow;foot;null;0;1;0;0;100;0;0;0;0;null;0;0;0;standon,ward;0;0;null;null;0;ReplaceableTextures\CommandButtons\BTNDustOfAppearance.blp;0;1;0;null;0;1;null;0;0;0;null;0;1;0;50;0;1;0;null;0;null;0;0;1;creeps;null;0;0;1;0;null;null;0;0;null;1;null;0;制造延迟爆炸的地雷来范围伤害。|r;32;0;null;0;0.94;0;null;0;200;null;0;null;0;0;null;null;255;0;0;0;null;0;0;0;0;null;null;2;null;1;null;0;0;null;0;25;0;0;nglm;unit
o000;0;0;null;null;1;0;255;null;4;0;512;0;0;0;none;255;0;200;2;250;0;OrcBuildingConstructionLoop;0;0;null;60;0;1;null;null;Abilities\Spells\Other\FrostBolt\FrostBoltMissile.mdl;0;0;0;15;0;0;null;0;Abds,Arbr,Aspi;0;null;*;0;0.15;Wood;0;120;0;null;null;0;1800;0;0;800;0;10;1;0.15;0;900;normal;null;0;110;500;null;null;0.51;0;2.5;512;0;0;0;-1;0;0;0;null;0;0;null;1600;0;0;0;0;0;Objects\Spawnmodels\Human\HCancelDeath\HCancelDeath.mdl;0;0;units\critters\Penguin\Penguin.mdl;null;1;0;0;0.6;3;PathTextures\4x4SimpleSolid.tga;WatchTower;0;0;135;magic;0;0;null;0;null;null;0;0;0;structure;large;1;2.25;72;0;0;0;训练灵魂行者(|cffffcc00W|r);null;null;0;灵魂行者;null;null;null;0;1;2;0;6;0;0;0;0;null;700;0;0;Mechanical;0;0;unwalkable;missile;0;ReplaceableTextures\CommandButtons\BTNPenguin.blp;0;55;3;Rosp,Rorb,Rgfo;0;0;buffer;0;0;0;OSMA;0;1;0;50;0;1;0;null;0;null;0;0;1;orc;Alternate;0.3;0;1;0;null;null;0;0;null;1;null;0;成本低廉可以用来构筑你的城墙。|r;0;0;null;1;2.34;0;null;8;200;null;0;null;0;0;air,enemies,ground;o00I;255;0;0.3;0;null;0;0;0;0;ShadowGuardTower;G;1;null;1;null;0;0;null;0;0;0;0;owtw;unit
o001;0;0;null;null;1;0;255;null;4;0;512;0;0;0;none;255;0;200;2;250;0;OrcBuildingConstructionLoop;0;0;null;60;0;1;null;null;Abilities\Weapons\FaerieDragonMissile\FaerieDragonMissile.mdl;0;0;0;15;0;0;null;0;Abds,Arbr,Aspi;0;null;*;0;0.15;Wood;0;120;0;null;null;0;1800;0;0;800;0;95;1;0.15;0;900;normal;null;0;110;500;null;null;0.51;0;2.5;512;0;0;0;-1;0;0;0;null;0;0;null;1600;0;0;0;0;0;Objects\Spawnmodels\Human\HCancelDeath\HCancelDeath.mdl;0;0;units\critters\HighElfPeasant\HighElfPeasant.mdl;null;1;80;0;0.6;3;PathTextures\4x4SimpleSolid.tga;WatchTower;0;0;135;pierce;0;0;null;0;null;null;0;0;0;structure;large;3;1;72;0;0;0;训练高等精灵(|cffffcc00W|r);null;null;0;高等精灵;null;null;null;0;1;2;0;131;0;0;0;0;null;900;0;0;Mechanical;0;0;unwalkable;missile;0;ReplaceableTextures\CommandButtons\BTNBloodElfPeasant.blp;0;55;3;Rosp,Rorb,Rgfo;0;0;buffer;0;0;0;OSMA;0;1;0;50;0;1;0;null;0;null;0;0;1;orc;Alternate;0.3;0;1;0;null;null;0;0;null;1;null;0;中级的伤害输出单位。永远不知疲倦。|r;0;0;null;1;2.34;0;null;175;200;null;0;null;0;0;air,enemies,ground;o00I;255;0;0.3;0;null;0;0;0;0;ShadowGuardTower;C;1;null;1;null;0;0;null;0;0;0;0;owtw;unit
o002;0;0;null;null;1;0;255;null;4;0;512;0;0;0;none;255;0;200;2;250;0;OrcBuildingConstructionLoop;0;0;null;60;0;1;null;null;Abilities\Weapons\FragDriller\FragDriller.mdl;0;0;0;15;0;45;null;0;A005,Abds,Arbr,Aspi;0;null;*;0;0.15;Wood;0;120;30;null;null;0;1800;0;0;800;0;60;1;0.15;0;900;normal;null;0;110;500;null;null;0.51;60;2.5;512;0;0;0;-1;0;0;0;null;0;0;null;1600;0;0;0;0;0;Objects\Spawnmodels\Human\HCancelDeath\HCancelDeath.mdl;0;0;units\human\MortarTeam\MortarTeam.mdl;null;1;80;0;0.5;3;PathTextures\4x4SimpleSolid.tga;WatchTower;0;0;135;siege;0;0;null;0;null;null;0;0;0;structure;large;2;1;72;0;0;0;训练小炮(|cffffcc00W|r);null;null;0;小炮;null;null;null;0;1;2;0;60;0;0;0;0;air,enemies,ground;800;0;0;Mechanical;0;0;unwalkable;msplash;0;ReplaceableTextures\CommandButtons\BTNMortarTeam.blp;0;55;3;Rosp,Rorb,Rgfo;0;0;buffer;0;0;0;OSMA;0;1;0;50;0;1;0;null;0;null;0;0;1;orc;Alternate;0.3;0;1;0;null;null;0;0;null;1;null;0;开启一扇黑暗之门，从中会走出各种各样的恶魔来为你效力。;0;0;null;1;2.34;0;null;80;200;null;0;null;0;0;air,enemies,ground;o00I;255;0;0.3;0;null;0;0;0;0;ShadowGuardTower;F;1;null;1;null;0;0;null;0;0;0;0;owtw;unit
o003;0;0;null;null;1;0;255;null;4;0;512;0;0;0;none;255;0;200;2;250;0;OrcBuildingConstructionLoop;0;0;null;60;0;1;null;null;Abilities\Weapons\DemonHunterMissile\DemonHunterMissile.mdl;0;0;0;15;0;0;null;0;Abds,Arbr,Aspi;0;null;*;0;0.15;Wood;0;120;0;null;null;0;1800;0;0;800;0;100;1;0.5;0;4000;normal;null;0;110;500;null;null;0.51;0;2.5;512;0;0;0;-1;0;0;0;null;0;0;null;1600;0;0;0;0;0;Objects\Spawnmodels\Human\HCancelDeath\HCancelDeath.mdl;0;0;units\human\HeroPaladin\HeroPaladin.mdl;null;1;80;0;0.7;3;PathTextures\4x4SimpleSolid.tga;WatchTower;0;0;135;chaos;0;0;null;0;null;null;0;0;0;structure;large;3;1;72;0;0;0;训练马格罗斯守御者(|cffffcc00W|r);null;null;0;马格罗斯守御者;null;null;null;0;1;2;0;338;0;0;0;0;null;4000;0;0;Mechanical;0;0;unwalkable;missile;0;ReplaceableTextures\CommandButtons\BTNHeroPaladin.blp;0;55;3;Rosp,Rorb,Rgfo;0;0;buffer;0;0;0;OSMA;0;1;0;50;0;1;0;null;547;null;0;0;1;orc;Alternate;0.3;0;1;0;null;null;0;0;null;1;null;0;为了我的王国, 守卫家园!;0;0;null;1;2.34;0;null;350;200;null;0;null;0;0;air,enemies,ground;o00I;255;0;0.3;0;null;0;0;0;0;ShadowGuardTower;G;1;null;1;null;0;0;null;0;0;0;0;owtw;unit
o004;0;0;null;null;1;0;255;null;4;0;512;0;0;0;none;255;0;200;2;250;0;OrcBuildingConstructionLoop;0;0;null;60;0;1;null;RockHeavyBash;abilities\weapons\catapult\catapultmissile.mdl;0;0;0.35;15;2000;120;null;0;A001;0;abilities\weapons\catapult\catapultmissile.mdl;*;0;0.15;Stone;0.15;120;100;null;RockHeavyBash;0;1800;0;0;800;0;75;1;0.15;0;1000;pierce;null;0;110;500;null;null;0.51;150;2.5;512;0;0;0;-1;0;0;0;null;0;0;null;1600;0;0;3;0;0;Objects\Spawnmodels\Human\HCancelDeath\HCancelDeath.mdl;0;0.3;units\critters\VillagerKid\VillagerKid.mdl;null;1;80;0;0.4;3;PathTextures\4x4SimpleSolid.tga;VillagerKid;0;0;135;siege;0;0;null;0;3;null;0;0;0;structure;large;2;1;72;0;0;0;训练散弹射手(|cffffcc00W|r);null;null;0;散弹射手;null;null;null;0;1;2;250;263;0;0;0;0;enemies,ground,notself,organic;800;0;0;Mechanical;0;0;unwalkable;msplash;0;ReplaceableTextures\CommandButtons\BTNVillagerKid.blp;0;55;3;Rosp,Rorb,Rgfo;0;0;buffer;0;0;0;OSMA;0;1;0;50;0;1;0;null;173;null;0;0;1;orc;Alternate;0.3;0;1;45;null;null;0;0;null;5;null;0;装备了强力弹弓的散弹射手,是所有飞行单位的噩梦。;0;0;air;1;2.34;0;null;350;200;null;0;null;0;0;enemies,ground;o00I;255;0;0.3;0;null;0;0;0.3;1000;ShadowGuardTower;F;1;null;1;missile;0;0;null;0;0;0;422;owtw;unit
o005;0;0;null;null;1;0;255;null;4;0;512;0;0;0;none;255;0;200;2;250;0;OrcBuildingConstructionLoop;0;0;null;60;0;1;null;null;Objects\Spawnmodels\Demon\DemonBlood\DemonBloodPitlord.mdl;0;0;0;15;0;40;null;0;Abds,Arbr,Aspi;0;null;*;0;0.15;Wood;0;120;30;null;null;0;1800;0;0;800;0;3;1;0.15;0;900;normal;null;0;110;500;null;null;0.51;50;2.5;512;0;0;0;-1;0;0;0;null;0;0;null;1600;0;0;0;0;0;Objects\Spawnmodels\Human\HCancelDeath\HCancelDeath.mdl;0;0;units\critters\VillagerKid\VillagerKid.mdl;null;1;80;0;0.6;3;PathTextures\4x4SimpleSolid.tga;VillagerKid;0;0;135;normal;0;0;null;0;null;null;0;0;0;structure;large;1;1;72;0;0;0;训练小孩(|cffffcc00W|r);null;null;0;小孩;null;null;null;0;1;2;0;7;0;0;0;0;air,enemies,ground;750;0;0;Mechanical;0;0;unwalkable;msplash;0;ReplaceableTextures\CommandButtons\BTNVillagerKid.blp;0;55;3;Rosp,Rorb,Rgfo;0;0;buffer;0;0;0;OSMA;0;1;0;50;0;1;0;null;5;null;0;0;1;orc;Alternate;0.3;0;1;0;null;null;0;0;null;1;null;0;乖巧的小孩, 是帮助你控制敌人行走的好帮手。;0;0;null;1;2.34;0;null;10;200;null;0;null;0;0;air,enemies,ground;o00I;255;0;0.3;0;null;0;0;0;0;ShadowGuardTower;J;1;null;1;null;0;0;null;0;0;0;0;owtw;unit
o006;90;0;null;null;1;0;255;null;2;2;0;0;7;0.25;always;255;0;200;2;250;0;null;230;0;null;61;0;1;null;null;abilities\weapons\WyvernSpear\WyvernSpearMissile.mdl;0;0;0;0;0;0;null;25;Aven;0;null;*;0;0.15;Flesh;0;20;0;null;null;0;1200;240;0;800;0;5;1;0.15;30;650;normal;null;0;265;105;null;null;0.51;0;1.75;0;0;0;180;-1;0;40;3;null;0;0;null;1600;0;0;0;0;-35;null;0;0;units\creeps\Harpy\Harpy.mdl;null;0;40;90;2;2;null;WyvernRider;0;90;51;pierce;0;350;null;0;null;null;0;0;0;air;none;0;1;50;0;0;180;训练女妖(|cffffcc00W|r);null;null;0;女妖;ShadowFlyer;fly;null;0;1;0;0;100;0;0;0;0;null;450;0;4;null;0;1;null;missile;0;ReplaceableTextures\CommandButtons\BTNHarpy.blp;0;35;5;Roar,Rora,Rovs,Rguv;0;0;null;0;0;0;null;0;1;0;100;0;1;0;null;1000;null;0;0;1;orc;medium;0.6;0;35;0;null;null;0;0;null;1;null;30;一种高度机动的飞行单位。特别擅长于侦察。能获得浸毒武器的升级。|n|n|cffffcc00能攻击地面和空中单位。|r;3;0;null;4;2.1;0;null;265;200;null;0;null;0.4;0;ground,structure,debris,air,item,ward;null;255;0;0.54;0;ofrt;0;0;0;0;null;W;2;null;1;null;0;1;null;0.3;33;0;0;owyv;unit
o007;0;0;null;null;1;0;255;null;0;0;0;0;6;0.25;always;255;0;240;3;250;0;null;0;0;null;60;10;1;null;null;null;0;0;0;0;1500;0;null;20;Asal,Aion;0;null;*;0;0.15;Flesh;0;60;0;null;MetalMediumChop;0;1500;0;0;800;0;1;1;0;0;500;normal;null;0;200;150;null;null;0.51;0;1;0;0;0;140;-1;0;0;3;null;0;0;null;1400;0;0;0;0;0;Objects\Spawnmodels\Orc\OrcSmallDeathExplode\OrcSmallDeathExplode.mdl;0;0;units\creeps\Zombie\Zombie.mdl;null;0;0;60;1.6;0;null;Grunt;0;60;60;normal;0;270;null;0;null;null;0;0;0;ground;fort;1;1.1;10;0;0;140;训练僵尸(|cffffcc00G|r);null;null;0;僵尸;Shadow;foot;null;0;1;3;0;100;0;0;0;0;null;100;0;3;null;0;5;null;normal;0;ReplaceableTextures\CommandButtons\BTNGrunt.blp;0;30;6;Roar,Rome,Robs,Ropg,Ropm,Rguv;0;0;null;0;0;0;null;1;1;0;30;0;1;0;null;999;null;0;0;1;orc;null;0.33;0;30;0;null;null;0;0;null;1;null;30;基本的兽族地面单位。能得到狂暴力量的升级。|n|n|cffffcc00能攻击地面单位。|r;3;0;null;3;1.75;0;null;200;240;null;0;null;0.6;0;ground,structure,debris,item,ward;null;255;0;0.64;0;null;0;0;0;0;null;G;2;null;1;null;0;0;null;0.3;10;0;0;ogru;unit
o008;0;0;null;null;1;0;255;null;0;0;0;0;6;0.25;always;255;0;240;3;250;0;null;0;0;null;60;10;1;null;null;null;0;0;0;0;1500;0;null;20;Asal,Aion;0;null;*;0;0.15;Flesh;0;60;0;null;MetalMediumChop;0;1500;0;0;800;0;1;1;0;0;500;normal;null;0;200;200;null;null;0.51;0;1;0;0;0;140;-1;0;0;3;null;0;0;null;1400;0;0;0;0;0;Objects\Spawnmodels\Orc\OrcSmallDeathExplode\OrcSmallDeathExplode.mdl;0;0;units\other\Dranai\Dranai.mdl;null;0;0;60;1.6;0;null;Grunt;0;60;60;normal;0;270;null;0;null;null;0;0;0;ground;normal;1;1.1;10;0;0;140;训练哨兵(|cffffcc00G|r);null;null;0;哨兵;Shadow;foot;null;0;1;3;0;100;0;0;0;0;null;100;0;3;null;0;5;null;normal;0;ReplaceableTextures\CommandButtons\BTNGrunt.blp;0;30;7;Roar,Rome,Robs,Ropg,Ropm,Rguv;0;0;null;0;0;0;null;1;1;0;30;0;1;0;null;999;null;0;0;1;orc;null;0.33;0;30;0;null;null;0;0;null;1;null;30;基本的兽族地面单位。能得到狂暴力量的升级。|n|n|cffffcc00能攻击地面单位。|r;3;0;null;3;1.75;0;null;200;240;null;0;null;0.6;0;ground,structure,debris,item,ward;null;255;0;0.64;0;null;0;0;0;0;null;G;2;null;1;null;0;0;null;0.3;10;0;0;ogru;unit
o009;0;0;null;null;1;0;255;null;0;0;0;0;6;0.25;always;255;0;240;3;250;0;null;0;0;null;60;10;1;null;null;null;0;0;0;0;1500;0;null;20;Asal,Aion;0;null;*;0;0.15;Flesh;0;60;0;null;MetalMediumChop;0;1500;0;0;800;0;1;1;0;0;500;normal;null;0;200;255;null;null;0.51;0;1;0;0;0;140;-1;0;0;3;null;0;0;null;1400;0;0;0;0;0;Objects\Spawnmodels\Orc\OrcSmallDeathExplode\OrcSmallDeathExplode.mdl;0;0;Units\Creeps\tuskar\tuskar.mdl;null;0;0;60;1.6;0;null;Grunt;0;60;60;normal;0;270;null;0;null;null;0;0;0;ground;small;1;1.1;10;0;0;140;训练格斗者(|cffffcc00G|r);null;null;0;格斗者;Shadow;foot;null;0;1;3;0;100;0;0;0;0;null;100;0;3;null;0;5;null;normal;0;ReplaceableTextures\CommandButtons\BTNGrunt.blp;0;30;8;Roar,Rome,Robs,Ropg,Ropm,Rguv;0;0;null;0;0;0;null;1;1;0;30;0;1;0;null;999;null;0;0;1;orc;null;0.33;0;30;0;null;null;0;0;null;1;null;30;基本的兽族地面单位。能得到狂暴力量的升级。|n|n|cffffcc00能攻击地面单位。|r;3;0;null;3;1.75;0;null;200;240;null;0;null;0.6;0;ground,structure,debris,item,ward;null;255;0;0.64;0;null;0;0;0;0;null;G;2;null;1;null;0;0;null;0.3;10;0;0;ogru;unit
o00A;0;0;null;null;1;0;255;null;0;0;0;0;6;0.25;always;255;0;240;3;250;0;null;0;0;null;60;10;1;null;null;null;0;0;0;0;1500;0;null;20;Asal,Aion;0;null;*;0;0.15;Flesh;0;60;0;null;MetalMediumChop;0;1500;0;0;800;0;1;1;0;0;500;normal;null;0;200;320;null;null;0.51;0;1;0;0;0;140;-1;0;0;3;null;0;0;null;1400;0;0;0;0;0;Objects\Spawnmodels\Orc\OrcSmallDeathExplode\OrcSmallDeathExplode.mdl;0;0;units\orc\Grunt\Grunt;null;0;0;60;1.6;0;null;Grunt;0;60;60;normal;0;270;null;0;null;null;0;0;0;ground;medium;1;1.1;10;0;0;140;训练加索克(|cffffcc00G|r);null;null;0;加索克;Shadow;foot;null;0;1;3;0;100;0;0;0;0;null;100;0;3;null;0;5;null;normal;0;ReplaceableTextures\CommandButtons\BTNGrunt.blp;0;30;9;Roar,Rome,Robs,Ropg,Ropm,Rguv;0;0;null;0;0;0;null;1;1;0;30;0;1;0;null;999;null;0;0;1;orc;null;0.33;0;30;0;null;null;0;0;null;1;null;30;基本的兽族地面单位。能得到狂暴力量的升级。|n|n|cffffcc00能攻击地面单位。|r;3;0;null;3;1.75;0;null;200;240;null;0;null;0.6;0;ground,structure,debris,item,ward;null;255;0;0.64;0;null;0;0;0;0;null;G;2;null;1;null;0;0;null;0.3;10;0;0;ogru;unit
o00B;0;0;null;null;1;0;255;null;0;0;0;0;6;0.25;always;255;0;240;3;250;0;null;0;0;null;60;10;1;null;null;null;0;0;0;0;1500;0;null;20;Asal,Aion;0;null;*;0;0.15;Flesh;0;60;0;null;MetalMediumChop;0;1500;0;0;800;0;1;1;0;0;500;normal;null;0;200;6000;null;null;0.51;0;1;0;0;0;140;-1;0;0;3;null;0;0;null;1400;0;0;0;0;0;Objects\Spawnmodels\Orc\OrcSmallDeathExplode\OrcSmallDeathExplode.mdl;0;0;units\undead\Banshee\Banshee.mdl;null;0;0;60;1.6;0;null;Grunt;0;60;60;normal;0;270;null;0;null;null;0;0;0;ground;hero;1;2.1;10;0;0;140;训练女妖(|cffffcc00G|r);null;null;0;女妖;Shadow;foot;null;0;1;3;0;100;0;0;0;0;null;100;0;3;null;0;5;null;normal;0;ReplaceableTextures\CommandButtons\BTNGrunt.blp;0;30;10;Roar,Rome,Robs,Ropg,Ropm,Rguv;0;0;null;0;0;0;null;1;1;0;30;0;1;0;null;999;null;0;0;1;orc;null;0.33;0;30;0;null;null;0;0;null;1;null;30;基本的兽族地面单位。能得到狂暴力量的升级。|n|n|cffffcc00能攻击地面单位。|r;3;0;null;3;1.75;0;null;200;240;null;0;null;0.6;0;ground,structure,debris,item,ward;null;255;0;0.64;0;null;0;0;0;0;null;G;2;null;1;null;0;0;null;0.3;10;0;0;ogru;unit
o00C;90;0;null;null;1;0;255;null;2;2;0;0;7;0.25;always;255;0;200;2;250;0;null;230;0;null;61;0;1;null;null;abilities\weapons\WyvernSpear\WyvernSpearMissile.mdl;0;0;0;0;0;0;null;25;Aven;0;null;*;0;0.15;Flesh;0;20;0;null;null;0;1200;240;0;800;0;5;1;0.15;30;650;normal;null;0;265;950;null;null;0.51;0;1.75;0;0;0;180;-1;0;40;3;null;0;0;null;1600;0;0;0;0;-35;null;0;0;units\orc\BatTroll\BatTroll.mdl;null;0;40;90;2;2;null;WyvernRider;0;90;51;pierce;0;350;null;0;null;null;0;0;0;air;large;0;1;50;0;0;180;训练蝙蝠骑士(|cffffcc00W|r);null;null;0;蝙蝠骑士;ShadowFlyer;fly;null;0;1;0;0;100;0;0;0;0;null;450;0;4;null;0;1;null;missile;0;ReplaceableTextures\CommandButtons\BTNWyvernRider.blp;0;35;5;Roar,Rora,Rovs,Rguv;0;0;null;0;0;0;null;0;1;0;100;0;1;0;null;1000;null;0;0;1;orc;medium;0.6;0;35;0;null;null;0;0;null;1;null;30;一种高度机动的飞行单位。特别擅长于侦察。能获得浸毒武器的升级。|n|n|cffffcc00能攻击地面和空中单位。|r;3;0;null;4;2.1;0;null;265;200;null;0;null;0.4;0;ground,structure,debris,air,item,ward;null;255;0;0.54;0;ofrt;0;0;0;0;null;W;2;null;1;null;0;1;null;0.3;33;0;0;owyv;unit
o00D;0;0;null;null;1;0;255;null;0;0;0;0;8;0.25;always;255;0;240;4;250;0;null;0;0;null;60;10;1;null;null;null;0;0;0;0;1500;0;null;30;Awar,Aion;0;null;*;0;0.3;Flesh;0;60;0;null;WoodHeavyBash;0;1500;0;0;800;0;1;1;0;0;500;normal;null;0;280;7000;null;null;0.59;0;1.6;0;0;0;190;-1;0;80;3;null;0;0;null;1400;0;0;0;0;0;Objects\Spawnmodels\Orc\OrcLargeDeathExplode\OrcLargeDeathExplode.mdl;0;0;units\creeps\HumanMage\HumanMage.mdl;null;0;80;80;1.9;0;null;Tauren;0;80;60;normal;0;270;null;0;null;null;0;0;0;ground;normal;1;1.1;10;0;0;190;训练使者(|cffffcc00T|r);null;null;0;使者;Shadow;foot;null;0;1;3;0;100;0;0;0;0;null;100;0;5;null;0;4;null;normal;0;ReplaceableTextures\CommandButtons\BTNTauren.blp;0;50;7;Roar,Rome,Rows,Ropm,Rguv;0;0;null;0;0;0;null;1;1;0;50;0;1;0;null;999;null;0;0;1;orc;medium;0.467;0;44;0;null;null;0;0;null;1;null;30;大型的单位，能学习到粉碎技能。|n|n|cffffcc00能攻击地面单位。|r;3;0;null;5;3.14;0;null;280;240;null;0;null;0.5;0;ground,structure,debris,item,ward;null;255;0;0.863;0;otto;0;0;0;0;null;T;2;null;1;null;0;0;null;0.68;10;0;0;otau;unit
o00E;0;0;null;null;1;0;255;null;0;0;0;0;8;0.25;always;255;0;240;4;250;0;null;0;0;null;60;10;1;null;null;null;0;0;0;0;1500;0;null;30;Awar,Aion;0;null;*;0;0.3;Flesh;0;60;0;null;WoodHeavyBash;0;1500;0;0;800;0;1;1;0;0;500;normal;null;0;280;8500;null;null;0.59;0;1.6;0;0;0;190;-1;0;80;3;null;0;0;null;1400;0;0;0;0;0;Objects\Spawnmodels\Orc\OrcLargeDeathExplode\OrcLargeDeathExplode.mdl;0;0;units\creeps\assassin\assassin.mdl;null;0;80;80;1.9;0;null;Tauren;0;80;60;normal;0;270;null;0;null;null;0;0;0;ground;small;1;1.1;10;0;0;190;训练守望者(|cffffcc00T|r);null;null;0;守望者;Shadow;foot;null;0;1;3;0;100;0;0;0;0;null;100;0;5;null;0;4;null;normal;0;ReplaceableTextures\CommandButtons\BTNTauren.blp;0;50;6;Roar,Rome,Rows,Ropm,Rguv;0;0;null;0;0;0;null;1;1;0;50;0;1;0;null;999;null;0;0;1;orc;medium;0.467;0;44;0;null;null;0;0;null;1;null;30;大型的单位，能学习到粉碎技能。|n|n|cffffcc00能攻击地面单位。|r;3;0;null;5;3.14;0;null;280;240;null;0;null;0.5;0;ground,structure,debris,item,ward;null;255;0;0.863;0;otto;0;0;0;0;null;T;2;null;1;null;0;0;null;0.68;10;0;0;otau;unit
o00F;0;0;null;null;1;0;255;null;0;0;0;0;8;0.25;always;255;0;240;4;250;0;null;0;0;null;60;10;1;null;null;null;0;0;0;0;1500;0;null;30;Awar,Aion;0;null;*;0;0.3;Flesh;0;60;0;null;WoodHeavyBash;0;1500;0;0;800;0;1;1;0;0;500;normal;null;0;280;10000;null;null;0.59;0;1.6;0;0;0;190;-1;0;80;3;null;0;0;null;1400;0;0;0;0;0;Objects\Spawnmodels\Orc\OrcLargeDeathExplode\OrcLargeDeathExplode.mdl;0;0;units\orc\Thrall\Thrall.mdl;null;0;80;80;1.9;0;null;Tauren;0;80;60;normal;0;270;null;0;null;null;0;0;0;ground;medium;1;1.1;10;0;0;190;训练萨尔(|cffffcc00T|r);null;null;0;萨尔;Shadow;foot;null;0;1;3;0;100;0;0;0;0;null;100;0;5;null;0;4;null;normal;0;ReplaceableTextures\CommandButtons\BTNTauren.blp;0;50;5;Roar,Rome,Rows,Ropm,Rguv;0;0;null;0;0;0;null;1;1;0;50;0;1;0;null;999;null;0;0;1;orc;medium;0.467;0;44;0;null;null;0;0;null;1;null;30;大型的单位，能学习到粉碎技能。|n|n|cffffcc00能攻击地面单位。|r;3;0;null;5;3.14;0;null;280;240;null;0;null;0.5;0;ground,structure,debris,item,ward;null;255;0;0.863;0;otto;0;0;0;0;null;T;2;null;1;null;0;0;null;0.68;10;0;0;otau;unit
o00G;0;0;null;null;1;0;255;null;0;0;0;0;8;0.25;always;255;0;240;4;250;0;null;0;0;null;60;10;1;null;null;null;0;0;0;0;1500;0;null;30;Awar,Aion;0;null;*;0;0.3;Flesh;0;60;0;null;WoodHeavyBash;0;1500;0;0;800;0;1;1;0;0;500;normal;null;0;280;12000;null;null;0.59;0;1.6;0;0;0;190;-1;0;80;3;null;0;0;null;1400;0;0;0;0;0;Objects\Spawnmodels\Orc\OrcLargeDeathExplode\OrcLargeDeathExplode.mdl;0;0;units\nightelf\DruidoftheClaw\DruidoftheClaw.mdl;null;0;80;80;1.9;0;null;Tauren;0;80;60;normal;0;270;null;0;null;null;0;0;0;ground;large;1;1.1;10;0;0;190;训练利爪德鲁伊(|cffffcc00T|r);null;null;0;利爪德鲁伊;Shadow;foot;null;0;1;3;0;100;0;0;0;0;null;100;0;5;null;0;4;null;normal;0;ReplaceableTextures\CommandButtons\BTNTauren.blp;0;50;7;Roar,Rome,Rows,Ropm,Rguv;0;0;null;0;0;0;null;1;1;0;50;0;1;0;null;999;null;0;0;1;orc;medium;0.467;0;44;0;null;null;0;0;null;1;null;30;大型的单位，能学习到粉碎技能。|n|n|cffffcc00能攻击地面单位。|r;3;0;null;5;3.14;0;null;280;240;null;0;null;0.5;0;ground,structure,debris,item,ward;null;255;0;0.863;0;otto;0;0;0;0;null;T;2;null;1;null;0;0;null;0.68;10;0;0;otau;unit
o00H;0;0;null;null;1;0;255;null;0;0;0;0;8;0.25;always;255;0;240;4;250;0;null;0;0;null;60;10;1;null;null;null;0;0;0;0;1500;0;null;30;Awar,Aion;0;null;*;0;0.3;Flesh;0;60;0;null;WoodHeavyBash;0;1500;0;0;800;0;1;1;0;0;500;normal;null;0;280;50000;null;null;0.59;0;1.6;0;0;0;190;-1;0;80;3;null;0;0;null;1400;0;0;0;0;0;Objects\Spawnmodels\Orc\OrcLargeDeathExplode\OrcLargeDeathExplode.mdl;0;0;units\demon\Kiljaeden\Kiljaeden.mdl;null;0;80;80;1.9;0;null;Tauren;0;80;60;normal;0;270;null;0;null;null;0;0;0;ground;hero;1;2.75;10;0;0;190;训练基尔加丹(|cffffcc00T|r);null;null;0;基尔加丹;Shadow;foot;null;0;1;3;0;100;0;0;0;0;null;100;0;5;null;0;4;null;normal;0;ReplaceableTextures\CommandButtons\BTNTauren.blp;0;50;10;Roar,Rome,Rows,Ropm,Rguv;0;0;null;0;0;0;null;1;1;0;50;0;1;0;null;999;null;0;0;1;orc;medium;0.467;0;44;0;null;null;0;0;null;1;null;30;大型的单位，能学习到粉碎技能。|n|n|cffffcc00能攻击地面单位。|r;3;0;null;5;3.14;0;null;280;240;null;0;null;0.5;0;ground,structure,debris,item,ward;null;100;0;0.863;0;otto;0;0;0;0;null;T;2;null;1;null;0;0;null;0.68;10;0;0;otau;unit
o00I;0;0;null;null;1;0;255;null;0;0;0;0;6;0.25;always;255;0;240;3;250;0;null;0;0;null;60;10;1;null;null;null;0;0;0;0;1500;0;null;20;Asal,Aion;0;null;*;0;0.15;Flesh;0;60;0;null;MetalMediumChop;0;1500;0;0;800;0;4;1;0;0;500;normal;null;0;200;1;null;null;0.51;0;1;0;0;0;140;-1;0;0;3;null;0;0;null;1400;0;0;0;0;0;Objects\Spawnmodels\Orc\OrcSmallDeathExplode\OrcSmallDeathExplode.mdl;0;0;units\orc\Grunt\Grunt;null;0;0;60;1.6;0;null;null;0;60;60;normal;0;270;null;0;null;null;0;0;0;ground;large;1;1.1;32;0;0;140;训练兽族步兵(|cffffcc00T|r);null;null;0;兽族步兵;Shadow;foot;null;0;1;3;0;100;0;0;0;0;null;100;0;0;null;0;5;null;normal;0;ReplaceableTextures\CommandButtons\BTNPillage.blp;0;30;1;Roar,Rome,Robs,Ropg,Ropm,Rguv;0;0;null;0;0;0;null;1;1;0;30;0;1;0;null;17;null;0;0;1;orc;null;0.33;0;1;0;null;null;0;0;null;1;null;30;小型的单位，能学习到粉碎技能。|n|n|cffffcc00能攻击地面单位。|r;3;0;null;3;1.75;0;null;0;240;null;0;null;0.6;0;ground,structure,debris,item,ward;null;255;0;0.64;0;null;0;0;0;0;null;E;2;null;1;null;0;0;null;0.3;10;0;0;ogru;unit
o00J;0;0;null;null;1;0;255;null;4;0;512;0;0;0;none;255;0;200;2;250;0;OrcBuildingConstructionLoop;0;0;null;60;0;1;null;null;abilities\weapons\DemolisherMissile\DemolisherMissile.mdl;0;0;0;15;0;0;null;0;Abds,Arbr,Aspi;0;null;*;0;0.15;Wood;0;120;0;null;null;0;1800;0;0;800;0;50;1;0.15;0;3000;normal;null;0;110;500;null;null;0.51;0;2.5;512;0;0;0;-1;0;0;0;null;0;0;null;1600;0;0;0;0;0;Objects\Spawnmodels\Human\HCancelDeath\HCancelDeath.mdl;0;0;Units\Creeps\PandarenBrewmaster\PandarenBrewmaster.mdl;null;1;0;0;0.55;3;PathTextures\4x4SimpleSolid.tga;WatchTower;0;0;135;siege;0;0;null;0;null;null;0;0;0;structure;large;1;1;72;0;0;0;训练熊猫酒仙(|cffffcc00T|r);null;null;0;熊猫酒仙;null;null;null;0;1;2;0;168;0;0;0;0;null;3000;0;0;Mechanical;0;0;unwalkable;missile;0;ReplaceableTextures\CommandButtons\BTNPandarenBrewmaster.blp;0;55;3;Rosp,Rorb,Rgfo;0;0;buffer;0;0;0;OSMA;0;1;0;50;0;1;0;null;299;null;0;0;1;orc;Alternate;0.3;0;1;0;null;null;0;0;null;1;null;0;驱散荒芜之地。拥有很大的攻击范围。;0;0;null;1;2.34;0;null;200;200;null;0;null;0;0;air,enemies,ground;o00I;255;0;0.3;0;null;0;0;0;0;ShadowGuardTower;S;1;null;1;null;0;0;null;0;0;0;0;owtw;unit
o00K;0;0;null;null;1;0;255;null;4;0;512;0;0;0;none;255;0;200;2;250;0;OrcBuildingConstructionLoop;0;0;null;60;0;1;null;null;Abilities\Weapons\SpiritOfVengeanceMissile\SpiritOfVengeanceMissile.mdl;0;0;0;15;0;40;null;0;Abds,Arbr,Aspi;0;null;*;0;0.15;Wood;0;120;20;null;null;0;3000;0;0;800;0;75;1;0.65;0;10000;normal;null;0;110;500;null;null;0.51;60;2.5;512;0;0;0;-1;0;0;0;null;0;0;null;1600;0;0;0;0;0;Objects\Spawnmodels\Human\HCancelDeath\HCancelDeath.mdl;0;0;units\human\HeroArchMage\HeroArchMage.mdl;null;1;80;0;0.17;3;PathTextures\4x4SimpleSolid.tga;WatchTower;0;0;135;chaos;0;0;null;0;null;null;0;0;0;structure;large;3;1;72;0;1;0;训练大魔法师(|cffffcc01T|r);null;null;0;大魔法师;null;null;null;0;1;2;0;900;0;0;0;0;air,enemies,ground;10000;0;0;Mechanical;0;0;unwalkable;msplash;0;ReplaceableTextures\CommandButtons\BTNHeroArchMage.blp;0;55;3;Rosp,Rorb,Rgfo;0;0;buffer;0;0;0;OSMA;0;1;0;50;0;1;0;null;747;null;0;0;1;orc;Alternate;0.3;0;1;0;null;null;0;0;null;1;null;0;食物链最顶端, 超强攻击力以及无所不及的攻击范围。;0;0;null;1;2.34;0;null;800;200;null;0;null;0;0;air,enemies,ground;o00I;255;0;0.3;0;null;0;0;0;0;ShadowGuardTower;B;1;null;1;null;0;0;null;0;0;0;0;owtw;unit
o00L;0;0;null;null;1;0;255;null;4;0;512;0;0;0;none;255;0;200;2;250;0;OrcBuildingConstructionLoop;0;0;null;60;0;1;null;null;Abilities\Spells\Items\AIso\AIsoTarget.mdl;0;0;0;15;0;0;null;0;A003;0;null;*;0;0.15;Wood;0;120;0;null;null;0;1800;0;0;800;0;30;1;0.15;0;2000;normal;null;0;110;500;null;null;0.51;0;2.5;512;0;0;0;-1;0;0;0;null;0;0;null;1600;0;0;0;0;0;Objects\Spawnmodels\Human\HCancelDeath\HCancelDeath.mdl;0;0;units\creeps\SasquatchShaman\SasquatchShaman.mdl;null;1;0;0;0.5;3;PathTextures\4x4SimpleSolid.tga;WatchTower;0;0;135;magic;0;0;null;0;null;null;0;0;0;structure;large;1;1;72;0;0;0;训练野人长者(|cffffcc02T|r);A003;null;0;野人长者;null;null;null;0;1;2;0;94;0;0;0;0;null;2000;0;0;Mechanical;0;0;unwalkable;missile;0;ReplaceableTextures\CommandButtons\BTNSasquatchShaman.blp;0;55;3;Rosp,Rorb,Rgfo;0;0;buffer;0;0;0;OSMA;0;1;0;50;0;1;0;null;79;null;0;0;1;orc;Alternate;0.3;0;1;0;null;null;0;0;null;1;null;0;跳起野性之舞 增加附近单位的攻击力。|r;0;0;null;1;2.34;0;null;120;200;null;0;null;0;0;air,enemies,ground;o00I;255;0;0.3;0;null;0;0;0;0;ShadowGuardTower;C;1;null;1;null;0;0;null;0;0;0;0;owtw;unit
o00M;0;0;null;null;1;0;255;null;4;0;512;0;0;0;none;255;0;200;2;250;0;OrcBuildingConstructionLoop;0;0;null;60;0;1;null;null;Abilities\Weapons\GuardTowerMissile\GuardTowerMissile.mdl;0;0;0;15;0;0;null;0;Abds,Arbr,Aspi;0;null;*;0;0.15;Wood;0;120;0;null;null;0;1800;0;0;800;0;4;1;0.15;0;1200;normal;null;0;110;500;null;null;0.51;0;2.5;512;0;0;0;-1;0;0;0;null;0;0;null;1600;0;0;0;0;0;Objects\Spawnmodels\Human\HCancelDeath\HCancelDeath.mdl;0;0;units\orc\Peon\Peon.mdl;null;1;80;0;0.6;3;PathTextures\4x4SimpleSolid.tga;WatchTower;0;0;135;normal;0;0;null;0;null;null;0;0;0;structure;large;1;1;72;0;0;0;建造初级狙击手;null;null;0;初级狙击手;null;null;null;0;1;2;0;7;0;0;0;0;null;1200;0;0;Mechanical;0;0;unwalkable;missile;0;ReplaceableTextures\CommandButtons\BTNPeon.blp;0;55;3;Rosp,Rorb,Rgfo;0;0;buffer;0;0;0;OSMA;0;1;0;50;0;1;0;null;5;null;0;0;1;orc;Alternate;0.3;0;1;0;null;null;0;0;null;1;null;0;虽然是初级的，但是已经打的很远;0;0;null;1;2.34;0;null;10;200;null;0;null;0;0;air,enemies,ground;o00I;255;0;0.3;0;null;0;0;0;0;ShadowGuardTower;J;1;null;1;null;0;0;null;0;0;0;0;owtw;unit
o00N;0;0;null;null;1;0;255;null;4;0;512;0;0;0;none;255;0;200;2;250;0;OrcBuildingConstructionLoop;0;0;null;60;0;1;null;null;units\human\WarWagon\WarWagon_V1.mdl;0;0;0;15;0;35;null;0;A004;0;null;*;0;0.15;Wood;0;120;20;null;null;0;1800;0;0;800;0;16;0;0.15;0;1200;normal;null;0;110;500;null;null;0.51;50;2.5;512;0;0;0;-1;0;0;0;null;0;0;null;1600;0;0;0;0;0;Objects\Spawnmodels\Human\HCancelDeath\HCancelDeath.mdl;0;0;units\creeps\Zombie\Zombie.mdl;null;1;80;0;0.57;3;PathTextures\4x4SimpleSolid.tga;WatchTower;0;0;135;siege;0;0;null;0;null;null;0;0;0;structure;large;1;1;72;0;1;0;建造开坦克的狙击手;null;null;0;开坦克的狙击手;null;null;null;0;1;2;0;45;0;0;0;0;air,enemies,ground;1200;0;0;Mechanical;0;0;unwalkable;msplash;0;ReplaceableTextures\CommandButtons\BTNZombie.blp;0;55;3;Rosp,Rorb,Rgfo;0;0;buffer;0;0;0;OSMA;0;1;0;50;0;1;0;null;19;null;0;0;1;orc;Alternate;0.3;0;1;0;null;null;0;0;null;1;null;0;这个狙击手不一般，居然会开坦克撞别人;0;0;null;1;2.34;0;null;60;200;null;0;null;0;0;air,enemies,ground;o00I;255;0;0.3;0;null;0;0;0;0;ShadowGuardTower;D;1;null;1;null;0;0;null;0;0;0;0;owtw;unit
o00O;0;0;null;null;1;0;50;null;4;0;512;0;0;0;none;50;0;200;2;250;0;OrcBuildingConstructionLoop;0;0;null;60;0;1;null;null;Abilities\Weapons\BrewmasterMissile\BrewmasterMissile.mdl;0;0;0;15;0;0;null;0;Abds,Arbr,Aspi;0;null;*;0;0.15;Wood;0;120;0;null;null;0;1800;0;0;800;0;70;1;0.15;0;800;normal;null;0;110;500;null;null;0.51;0;2.5;512;0;0;0;-1;0;0;0;null;0;0;null;1600;0;0;0;0;0;Objects\Spawnmodels\Human\HCancelDeath\HCancelDeath.mdl;0;0;units\creeps\Wendigo\Wendigo.mdl;null;1;80;0;0.4;3;PathTextures\4x4SimpleSolid.tga;WatchTower;0;0;135;normal;0;0;null;0;null;null;0;0;0;structure;large;1;1;72;0;0;0;建造中级靠不住家伙;null;null;0;中级靠不住家伙;null;null;null;0;1;2;0;30;0;0;0;0;null;800;0;0;Mechanical;0;0;unwalkable;missile;0;ReplaceableTextures\CommandButtons\BTNWendigo.blp;0;55;3;Rosp,Rorb,Rgfo;0;0;buffer;0;0;0;OSMA;0;1;0;50;0;1;0;null;0;null;0;0;1;orc;Alternate;0.3;0;1;0;null;null;0;0;null;1;null;0;比初级更加靠不住;0;0;null;1;2.34;0;null;40;200;null;0;null;0;0;air,enemies,ground;o00I;50;0;0.3;0;null;0;0;0;0;ShadowGuardTower;J;1;null;1;null;0;0;null;0;0;0;0;owtw;unit
o00P;0;0;null;null;1;0;255;null;4;0;512;0;0;0;none;255;0;200;2;250;0;OrcBuildingConstructionLoop;0;0;null;60;0;1;null;null;Abilities\Weapons\SkeletalMageMissile\SkeletalMageMissile.mdl;0;0;0;15;0;0;null;0;Abds,Arbr,Aspi;0;null;*;0;0.15;Wood;0;120;0;null;null;0;1800;0;0;800;0;100;1;0.15;0;1000;normal;null;0;110;500;null;null;0.51;0;2.5;512;0;0;0;-1;0;0;0;null;0;0;null;1600;0;0;0;0;0;Objects\Spawnmodels\Human\HCancelDeath\HCancelDeath.mdl;0;0;units\undead\HeroDreadLord\HeroDreadLord.mdl;null;1;80;0;0.4;3;PathTextures\4x4SimpleSolid.tga;WatchTower;0;0;135;normal;0;0;null;0;null;null;0;0;0;structure;large;14;1;72;0;0;0;建造靠不住二当家;null;null;0;靠不住二当家;null;null;null;0;1;2;0;300;0;0;0;0;null;1000;0;0;Mechanical;0;0;unwalkable;missile;0;ReplaceableTextures\CommandButtons\BTNHeroDreadLord.blp;0;55;3;Rosp,Rorb,Rgfo;0;0;buffer;0;0;0;OSMA;0;1;0;50;0;1;0;null;0;null;0;0;1;orc;Alternate;0.3;0;1;0;null;null;0;0;null;1;null;0;这个家伙已经是头目了， 实力有了质的飞跃， 不过依然靠不住;0;0;null;1;2.34;0;null;400;200;null;0;null;0;0;air,enemies,ground;o00I;255;0;0.3;0;null;0;0;0;0;ShadowGuardTower;E;1;null;1;null;0;0;null;0;0;0;0;owtw;unit
o00Q;0;0;null;null;1;0;255;null;4;0;512;0;0;0;none;255;0;200;2;250;0;OrcBuildingConstructionLoop;0;0;null;60;0;1;null;null;Abilities\Weapons\LordofFlameMissile\LordofFlameMissile.mdl;0;0;0;15;0;40;null;0;Abds,Arbr,Aspi;0;null;*;0;0.15;Wood;0;120;0;null;null;0;1800;0;0;800;0;100;1;0.15;0;1500;normal;null;0;110;500;null;null;0.51;150;2.5;512;0;0;0;-1;0;0;0;null;0;0;null;1600;0;0;0;0;0;Objects\Spawnmodels\Human\HCancelDeath\HCancelDeath.mdl;0;0;units\creeps\BanditLord\BanditLord.mdl;null;1;80;0;0.4;3;PathTextures\4x4SimpleSolid.tga;WatchTower;0;0;135;chaos;0;0;null;0;null;null;0;0;0;structure;large;20;1;72;0;0;0;建造靠不住大当家;null;null;0;靠不住大当家;null;null;null;0;1;2;0;600;0;0;0;0;air,enemies,ground;1500;0;0;Mechanical;0;0;unwalkable;msplash;0;ReplaceableTextures\CommandButtons\BTNBanditLord.blp;0;55;3;Rosp,Rorb,Rgfo;0;0;buffer;0;0;0;OSMA;0;1;0;50;0;1;0;null;0;null;0;0;1;orc;Alternate;0.3;0;1;0;null;null;0;0;null;1;null;0;靠不住家族最强者，发挥好的时候伤害爆炸， 在发挥差的时候嘛。。。;0;0;null;1;2.34;0;null;800;200;null;0;null;0;0;air,enemies,ground;o00I;255;0;0.3;0;null;0;0;0;0;ShadowGuardTower;B;1;null;1;null;0;0;null;0;0;0;0;owtw;unit
o00R;0;0;null;null;1;0;50;null;4;0;512;0;0;0;none;50;0;200;2;250;0;OrcBuildingConstructionLoop;0;0;null;60;0;1;null;null;Abilities\Weapons\MeatwagonMissile\MeatwagonMissile.mdl;0;0;0;15;0;60;null;0;Abds,Arbr,Aspi;0;null;*;0;0.15;Wood;0;120;55;null;null;0;1800;0;0;800;0;39;1;0.15;0;800;normal;null;0;110;500;null;null;0.51;75;2.5;512;0;0;0;-1;0;0;0;null;0;0;null;1600;0;0;0;0;0;Objects\Spawnmodels\Human\HCancelDeath\HCancelDeath.mdl;0;0;units\orc\Shaman\Shaman.mdl;null;1;80;0;0.4;3;PathTextures\4x4SimpleSolid.tga;WatchTower;0;0;135;normal;0;0;null;0;null;null;0;0;0;structure;large;1;1;72;0;0;0;建造打架菜鸟;null;null;0;打架菜鸟;null;null;null;0;1;2;0;30;0;0;0;0;air,enemies,ground,notself,organic;800;0;0;Mechanical;0;0;unwalkable;missile;0;ReplaceableTextures\CommandButtons\BTNShaman.blp;0;55;3;Rosp,Rorb,Rgfo;0;0;buffer;0;0;0;OSMA;0;1;0;50;0;1;0;null;1;null;0;0;1;orc;Alternate;0.3;0;1;0;null;null;0;0;null;1;null;0;正在努力学习打架中;0;0;null;1;2.34;0;null;40;200;null;0;null;0;0;air,enemies,ground;o00I;50;0;0.3;0;null;0;0;0;0;ShadowGuardTower;N;1;null;1;null;0;0;null;0;0;0;0;owtw;unit
o00S;0;0;null;null;1;0;255;null;4;0;512;0;0;0;none;255;0;200;2;250;0;OrcBuildingConstructionLoop;0;0;null;60;0;1;null;null;abilities\weapons\catapult\catapultmissile.mdl;0;0;0;15;0;80;null;0;Abds,Arbr,Aspi;0;null;*;0;0.15;Wood;0;120;75;null;null;0;1800;0;0;800;0;1;1;0.15;0;900;normal;null;0;110;500;null;null;0.51;90;2.5;512;0;0;0;-1;0;0;0;null;0;0;null;1600;0;0;0;0;0;Objects\Spawnmodels\Human\HCancelDeath\HCancelDeath.mdl;0;0;Units\Critters\Shoveler\Shoveler.mdl;null;1;80;0;0.5;3;PathTextures\4x4SimpleSolid.tga;WatchTower;0;0;135;siege;0;0;null;0;null;null;0;0;0;structure;large;1;1;72;0;0;0;建造烂泥糊不上墙;null;null;0;烂泥糊不上墙;null;null;null;0;1;2;0;60;0;0;0;0;air,enemies,ground;800;0;0;Mechanical;0;0;unwalkable;msplash;0;ReplaceableTextures\CommandButtons\BTNKobold.blp;0;55;3;Rosp,Rorb,Rgfo;0;0;buffer;0;0;0;OSMA;0;1;0;50;0;1;0;null;59;null;0;0;1;orc;Alternate;0.3;0;1;0;null;null;0;0;null;1;null;0;依然在努力学习打群架。。;0;0;null;1;2.34;0;null;80;200;null;0;null;0;0;air,enemies,ground;o00I;255;0;0.3;0;null;0;0;0;0;ShadowGuardTower;F;1;null;1;null;0;0;null;0;0;0;0;owtw;unit
o00T;0;0;null;null;1;0;255;null;4;0;512;0;0;0;none;255;0;200;2;250;0;OrcBuildingConstructionLoop;0;0;null;60;0;1;null;null;Abilities\Weapons\WingedSerpentMissile\WingedSerpentMissile.mdl;0;0;0;15;0;40;null;0;A00C,Abds,Arbr,Aspi;0;null;*;0;0.15;Wood;0;120;30;null;null;0;1800;0;0;800;0;3;1;0.15;0;900;normal;null;0;110;500;null;null;0.51;50;2.5;512;0;0;0;-1;0;0;0;null;0;0;null;1600;0;0;0;0;0;Objects\Spawnmodels\Human\HCancelDeath\HCancelDeath.mdl;0;0;units\human\HeroBloodElf\HeroBloodElf.mdl;null;1;80;0;2;3;PathTextures\4x4SimpleSolid.tga;Peasant;0;0;135;normal;0;0;null;0;null;null;0;0;0;structure;large;1;1;72;0;0;0;建造减速菜鸟;null;null;0;减速菜鸟;null;null;null;0;1;2;0;7;0;0;0;0;air,enemies,ground;750;0;0;Mechanical;0;0;unwalkable;msplash;0;ReplaceableTextures\CommandButtons\BTNHeroBloodElfPrince.blp;0;55;3;Rosp,Rorb,Rgfo;0;0;buffer;0;0;0;OSMA;0;1;0;50;0;1;0;null;20;null;0;0;1;orc;Alternate;0.3;0;1;0;null;null;0;0;null;1;null;0;虽然是菜鸟，已经学会了基本的减速技能;0;0;null;1;2.34;0;null;10;200;null;0;null;0;0;air,enemies,ground;o00I;255;0;0.3;0;null;0;0;0;0;ShadowGuardTower;T;1;null;1;null;0;0;null;0;0;0;0;owtw;unit
o00U;0;0;null;null;1;0;50;null;4;0;512;0;0;0;none;50;0;200;2;250;0;OrcBuildingConstructionLoop;0;0;null;60;0;1;null;null;Abilities\Spells\Undead\PlagueCloud\PlagueCloudCaster.mdl;0;0;0;15;0;0;null;0;A006,Abds,Arbr,Aspi;0;null;*;0;0.15;Wood;0;120;0;null;null;0;1800;0;0;800;0;1;1;0.15;0;800;normal;null;0;110;500;null;null;0.51;0;2.5;512;0;0;0;-1;0;0;0;null;0;0;null;1600;0;0;0;0;0;Objects\Spawnmodels\Human\HCancelDeath\HCancelDeath.mdl;0;0;units\creeps\OrcWarlock\OrcWarlock.mdl;null;1;80;0;0.4;3;PathTextures\4x4SimpleSolid.tga;HeadHunter;0;0;135;normal;0;0;null;0;null;null;0;0;0;structure;large;1;1;72;0;0;0;建造不洗澡的人;null;null;0;不洗澡的人;null;null;null;0;1;2;0;30;0;0;0;0;null;800;0;0;Mechanical;0;0;unwalkable;missile;0;ReplaceableTextures\CommandButtons\BTNOrcWarlock.blp;0;55;3;Rosp,Rorb,Rgfo;0;0;buffer;0;0;0;OSMA;0;1;0;50;0;1;0;null;59;null;0;0;1;orc;Alternate;0.3;0;1;0;null;null;0;0;null;1;null;0;常年不洗澡，通过气味伤害周围的敌人;0;0;null;1;2.34;0;null;50;200;null;0;null;0;0;air,enemies,ground;o00I;50;0;0.3;0;null;0;0;0;0;ShadowGuardTower;U;1;null;1;null;0;0;null;0;0;0;0;owtw;unit
o00V;0;0;null;null;1;0;255;null;4;0;512;0;0;0;none;255;0;200;2;250;0;OrcBuildingConstructionLoop;0;0;null;60;0;1;null;null;Abilities\Weapons\Banditmissile\Banditmissile.mdl;0;0;0;15;0;0;null;0;A00C,A007,Abds,Arbr,Aspi;0;null;*;0;0.15;Wood;0;120;0;null;null;0;1800;0;0;800;0;1;1;0.15;0;900;normal;null;0;110;500;null;null;0.51;0;2.5;512;0;0;0;-1;0;0;0;null;0;0;null;1600;0;0;0;0;0;Objects\Spawnmodels\Human\HCancelDeath\HCancelDeath.mdl;0;0;units\orc\Grunt\Grunt.mdl;null;1;80;0;0.6;3;PathTextures\4x4SimpleSolid.tga;WatchTower;0;0;135;pierce;0;0;null;0;null;null;0;0;0;structure;large;1;1;72;0;0;0;建造多面手;null;null;0;多面手;null;null;null;0;1;2;0;131;0;0;0;0;null;900;0;0;Mechanical;0;0;unwalkable;missile;0;ReplaceableTextures\CommandButtons\BTNGrunt.blp;0;55;3;Rosp,Rorb,Rgfo;0;0;buffer;0;0;0;OSMA;0;1;0;50;0;1;0;null;59;null;0;0;1;orc;Alternate;0.3;0;1;0;null;null;0;0;null;1;null;0;不止会减速，还会加速友军的多面手;0;0;null;1;2.34;0;null;175;200;null;0;null;0;0;air,enemies,ground;o00I;255;0;0.3;0;null;0;0;0;0;ShadowGuardTower;D;1;null;1;null;0;0;null;0;0;0;0;owtw;unit
o00W;0;0;null;null;1;0;255;null;4;0;512;0;0;0;none;255;0;200;2;250;0;OrcBuildingConstructionLoop;0;0;null;60;0;1;null;null;.mdl;0;0;0;15;0;0;null;0;A00C;0;null;*;0;0.15;Wood;0;120;0;null;null;0;1800;0;0;800;0;1;1;0.15;0;500;normal;null;0;110;500;null;null;0.51;0;2.5;512;0;0;0;-1;0;0;0;null;0;0;null;1600;0;0;0;0;0;Objects\Spawnmodels\Human\HCancelDeath\HCancelDeath.mdl;0;0;units\nightelf\Runner\Runner.mdl;null;1;0;0;0.3;3;PathTextures\4x4SimpleSolid.tga;WatchTower;0;0;135;normal;0;0;null;0;null;null;0;0;0;structure;large;1;1;72;0;0;0;建造近战格斗家;A003;null;0;近战格斗家;null;null;null;0;1;2;0;94;0;0;0;0;null;100;0;0;Mechanical;0;0;unwalkable;normal;0;ReplaceableTextures\CommandButtons\BTNNightElfRunner.blp;0;55;3;Rosp,Rorb,Rgfo;0;0;buffer;0;0;0;OSMA;0;1;0;50;0;1;0;null;64;null;0;0;1;orc;Alternate;0.3;0;1;0;null;null;0;0;null;1;null;0;通过近战格斗，打折敌人的腿，减慢敌人速度， 注意只能近战;0;0;null;1;2.34;0;null;120;200;null;0;null;0;0;air,enemies,ground;o00I;255;0;0.3;0;null;0;0;0;0;ShadowGuardTower;L;1;null;1;null;0;0;null;0;0;0;0;owtw;unit
o00X;0;0;null;null;1;0;255;null;4;0;512;0;0;0;none;255;0;200;2;250;0;OrcBuildingConstructionLoop;0;0;null;60;0;1;null;null;units\critters\Penguin\Penguin.mdl;0;0;0;15;0;0;null;0;Abds,Arbr,Aspi;0;null;*;0;0.15;Wood;0;120;0;null;null;0;1800;0;0;800;0;1;1;0.15;0;1000;normal;null;0;110;500;null;null;0.51;0;2.5;512;0;0;0;-1;0;0;0;null;0;0;null;1600;0;0;0;0;0;Objects\Spawnmodels\Human\HCancelDeath\HCancelDeath.mdl;0;0;units\nightelf\MalFurion\MalFurionNoStag.mdl;null;1;80;0;0.4;3;PathTextures\4x4SimpleSolid.tga;WatchTower;0;0;135;siege;0;0;null;0;null;null;0;0;0;structure;large;1;1;72;0;0;0;建造输出选手;null;null;0;输出选手;null;null;null;0;1;2;0;300;0;0;0;0;null;1000;0;0;Mechanical;0;0;unwalkable;missile;0;ReplaceableTextures\CommandButtons\BTNFurion.blp;0;55;3;Rosp,Rorb,Rgfo;0;0;buffer;0;0;0;OSMA;0;1;0;50;0;1;0;null;479;null;0;0;1;orc;Alternate;0.3;0;1;0;null;null;0;0;null;1;null;0;减速的目的是什么，打死敌人。;0;0;null;1;2.34;0;null;400;200;null;0;null;0;0;air,enemies,ground;o00I;255;0;0.3;0;null;0;0;0;0;ShadowGuardTower;E;1;null;1;null;0;0;null;0;0;0;0;owtw;unit
o00Y;0;0;null;null;1;0;255;null;4;0;512;0;0;0;none;255;0;200;2;250;0;OrcBuildingConstructionLoop;0;0;null;60;0;1;null;null;Abilities\Weapons\VoidWalkerMissile\VoidWalkerMissile.mdl;0;0;0;15;0;0;null;0;A00A,Abds,Arbr,Aspi;0;null;*;0;0.15;Wood;0;120;0;null;null;0;1800;0;0;800;0;1;1;0.15;0;900;normal;null;0;110;500;null;null;0.51;0;2.5;512;0;0;0;-1;0;0;0;null;0;0;null;1600;0;0;0;0;0;Objects\Spawnmodels\Human\HCancelDeath\HCancelDeath.mdl;0;0;units\creeps\IceTroll\IceTroll.mdl;null;1;80;0;0.5;3;PathTextures\4x4SimpleSolid.tga;Bandit;0;0;135;pierce;0;0;null;0;null;null;0;0;0;structure;large;1;1;72;0;0;0;建造buff菜鸟;null;null;0;buff菜鸟;null;null;null;0;1;2;0;3;0;0;0;0;air,enemies,ground;450;0;0;Mechanical;0;0;unwalkable;missile;0;ReplaceableTextures\CommandButtons\BTNIceTrollBeserker.blp;0;55;3;Rosp,Rorb,Rgfo;0;0;buffer;0;0;0;OSMA;0;1;0;50;0;1;0;null;3;null;0;0;1;orc;Alternate;0.3;0;1;0;null;null;0;0;null;1;null;0;造我把，你不会后悔，最好多造点;0;0;null;1;2.34;0;null;5;200;null;0;null;0;0;air,enemies,ground;o00I;255;0;0.3;0;null;0;0;0;0;ShadowGuardTower;N;1;null;1;null;0;0;null;0;0;0;0;owtw;unit
o00Z;0;0;null;null;1;20;255;null;4;0;512;0;0;0;none;255;0;200;2;250;0;OrcBuildingConstructionLoop;0;0;null;60;0;1;null;null;Objects\InventoryItems\TreasureChest\treasurechest.mdl;0;0;0;15;1800;35;null;0;A009;0;Objects\InventoryItems\TreasureChest\treasurechest.mdl;*;0;0.15;Wood;0;120;20;null;null;0;1800;0;0;800;0;3;3;0.15;0;1200;siege;null;0;110;500;null;null;0.51;50;2.5;512;0;0;0;-1;0;0;0;null;0;0;null;1600;0;0;1;0;0;Objects\Spawnmodels\Human\HCancelDeath\HCancelDeath.mdl;0;0;Units\Creeps\BansheeRanger\BansheeRanger.mdl;null;1;80;0;0.57;3;PathTextures\4x4SimpleSolid.tga;WatchTower;0;0;135;siege;0;0;null;0;3;null;0;0;0;structure;large;1;1;72;0;1;0;建造buff熟手;null;null;0;buff熟手;null;null;null;0;1;2;0;40;0;0;0;35;enemies,ground;450;0;0;Mechanical;0;0;unwalkable;msplash;0;ReplaceableTextures\CommandButtons\BTNBansheeRanger.blp;0;55;3;Rosp,Rorb,Rgfo;0;0;buffer;0;0;0;OSMA;0;1;0;50;0;1;0;null;52;null;0;0;1;orc;Alternate;0.3;0;1;3;null;null;0;0;null;3;null;0;可以更好的加buff了;0;0;air,enemies;1;2.34;0;null;50;200;null;0;null;0;0;enemies,ground;o00I;255;0;0.3;50;null;0;0;0;450;ShadowGuardTower;D;1;null;1;null;0;0;null;0;0;0;52;owtw;unit
o010;0;0;null;null;1;0;50;null;4;0;512;0;0;0;none;50;0;200;2;250;0;OrcBuildingConstructionLoop;0;0;null;60;0;1;null;null;Abilities\Weapons\BrewmasterMissile\BrewmasterMissile.mdl;0;0;0;15;0;0;null;0;A008,Abds,Arbr,Aspi;0;null;*;0;0.15;Wood;0;120;0;null;null;0;1800;0;0;800;0;4;1;0.15;0;800;normal;null;0;110;500;null;null;0.51;0;2.5;512;0;0;0;-1;0;0;0;null;0;0;null;1600;0;0;0;0;0;Objects\Spawnmodels\Human\HCancelDeath\HCancelDeath.mdl;0;0;units\orc\HeroShadowHunter\HeroShadowHunter.mdl;null;1;80;0;0.4;3;PathTextures\4x4SimpleSolid.tga;WatchTower;0;0;135;pierce;0;0;null;0;null;null;0;0;0;structure;large;1;1;72;0;0;0;建造buff高手;null;null;0;buff高手;null;null;null;0;1;2;0;60;0;0;0;0;null;450;0;0;Mechanical;0;0;unwalkable;missile;0;ReplaceableTextures\CommandButtons\BTNShadowHunter.blp;0;55;3;Rosp,Rorb,Rgfo;0;0;buffer;0;0;0;OSMA;0;1;0;50;0;1;0;null;90;null;0;0;1;orc;Alternate;0.3;0;1;0;null;null;0;0;null;1;null;0;更更好的加buff;0;0;null;1;2.34;0;null;75;200;null;0;null;0;0;air,enemies,ground;o00I;50;0;0.3;0;null;0;0;0;0;ShadowGuardTower;C;1;null;1;null;0;0;null;0;0;0;0;owtw;unit
o011;0;0;null;null;1;0;255;null;4;0;512;0;0;0;none;255;0;200;2;250;0;OrcBuildingConstructionLoop;0;0;null;60;0;1;null;null;Abilities\Weapons\WingedSerpentMissile\WingedSerpentMissile.mdl;0;0;0;15;0;40;null;0;A00B,Abds,Arbr,Aspi;0;null;*;0;0.15;Wood;0;120;30;null;null;0;1800;0;0;800;0;1;1;0.15;0;900;normal;null;0;110;500;null;null;0.51;50;2.5;512;0;0;0;-1;0;0;0;null;0;0;null;1600;0;0;0;0;0;Objects\Spawnmodels\Human\HCancelDeath\HCancelDeath.mdl;0;0;units\other\DranaiMage\DranaiMage.mdl;null;1;80;0;2;3;PathTextures\4x4SimpleSolid.tga;GoblinSapper;0;0;135;normal;0;0;null;0;null;null;0;0;0;structure;large;1;1;72;0;0;0;建造创新家;null;null;0;创新家;null;null;null;0;1;2;0;165;0;0;0;0;air,enemies,ground;450;0;0;Mechanical;0;0;unwalkable;msplash;0;ReplaceableTextures\CommandButtons\BTNDranaiMage.blp;0;55;3;Rosp,Rorb,Rgfo;0;0;buffer;0;0;0;OSMA;0;1;0;50;0;1;0;null;179;null;0;0;1;orc;Alternate;0.3;0;1;0;null;null;0;0;null;1;null;0;另辟蹊径，学会了增加攻击力的buff.;0;0;null;1;2.34;0;null;190;200;null;0;null;0;0;air,enemies,ground;o00I;255;0;0.3;0;null;0;0;0;0;ShadowGuardTower;Y;1;null;1;null;0;0;null;0;0;0;0;owtw;unit
o012;0;0;null;null;1;0;255;null;4;0;512;0;0;0;none;255;0;200;2;250;0;OrcBuildingConstructionLoop;0;0;null;60;0;1;null;null;Abilities\Weapons\GlaiveMissile\GlaiveMissile.mdl;0;0;0;15;0;0;null;0;Abds,Arbr,Aspi;0;null;*;0;0.15;Wood;0;120;0;null;null;0;1800;0;0;800;0;5;1;0.15;0;900;normal;null;0;110;500;null;null;0.51;0;2.5;512;0;0;0;-1;0;0;0;null;0;0;null;1600;0;0;0;0;0;Objects\Spawnmodels\Human\HCancelDeath\HCancelDeath.mdl;0;0;units\creeps\Bandit\Bandit.mdl;null;1;80;0;0.6;3;PathTextures\4x4SimpleSolid.tga;WatchTower;0;0;135;chaos;0;0;null;0;null;null;0;0;0;structure;large;3;1;72;0;0;0;建造输出选手2号;null;null;0;输出选手2号;null;null;null;0;1;2;0;250;0;0;0;0;null;450;0;0;Mechanical;0;0;unwalkable;missile;0;ReplaceableTextures\CommandButtons\BTNBandit.blp;0;55;3;Rosp,Rorb,Rgfo;0;0;buffer;0;0;0;OSMA;0;1;0;50;0;1;0;null;323;null;0;0;1;orc;Alternate;0.3;0;1;0;null;null;0;0;null;1;null;0;输出才是王道，价格不贵，输出不错;0;0;null;1;2.34;0;null;300;200;null;0;null;0;0;air,enemies,ground;o00I;255;0;0.3;0;null;0;0;0;0;ShadowGuardTower;D;1;null;1;null;0;0;null;0;0;0;0;owtw;unit
o013;0;0;null;null;1;0;255;null;4;0;512;0;0;0;none;255;0;200;2;250;0;OrcBuildingConstructionLoop;0;0;null;60;0;1;null;null;abilities\weapons\catapult\catapultmissile.mdl;0;0;0;15;0;120;null;0;A001;0;null;*;0;0.15;Stone;0;120;100;null;RockHeavyBash;0;1800;0;0;800;0;10;1;0.15;0;1000;normal;null;0;110;500;null;null;0.51;150;2.5;512;0;0;0;-1;0;0;0;null;0;0;null;1600;0;0;0;0;0;Objects\Spawnmodels\Human\HCancelDeath\HCancelDeath.mdl;0;0;units\human\Sorceress\Sorceress_V1.mdl;null;1;80;0;0.4;3;PathTextures\4x4SimpleSolid.tga;Sorceress;0;0;135;siege;0;0;null;0;null;null;0;0;0;structure;large;1;1;72;0;0;0;建造群架新人;null;null;0;群架新人;null;null;null;0;1;2;0;120;0;0;0;0;air,enemies,ground,notself,organic;800;0;0;Mechanical;0;0;unwalkable;msplash;0;ReplaceableTextures\CommandButtons\BTNSorceress.blp;0;55;3;Rosp,Rorb,Rgfo;0;0;buffer;0;0;0;OSMA;0;1;0;50;0;1;0;null;124;null;0;0;1;orc;Alternate;0.3;0;1;0;null;null;0;0;null;1;null;0;刚刚学会打群架的新人，已具备不错的实力;0;0;null;1;2.34;0;null;180;200;null;0;null;0;0;enemies,ground;o00I;255;0;0.3;0;null;0;0;0;0;ShadowGuardTower;C;1;null;1;null;0;0;null;0;0;0;0;owtw;unit
o014;0;0;null;null;1;0;25;null;4;0;512;0;0;0;none;50;0;200;2;250;0;OrcBuildingConstructionLoop;0;0;null;60;0;1;null;null;Abilities\Weapons\Banditmissile\Banditmissile.mdl;0;0;0;15;0;0;null;0;Abds,Arbr,Aspi;0;null;*;0;0.15;Wood;0;120;0;null;null;0;1800;0;0;800;0;4;1;0.15;0;900;normal;null;0;110;500;null;null;0.51;0;2.5;512;0;0;0;-1;0;0;0;null;0;0;null;1600;0;0;0;0;0;Objects\Spawnmodels\Human\HCancelDeath\HCancelDeath.mdl;0;0;units\critters\VillagerMan1\VillagerMan1.mdl;null;1;80;0;0.05;3;PathTextures\4x4SimpleSolid.tga;HeadHunter;0;0;135;hero;0;0;null;0;null;null;0;0;0;structure;large;1;1;72;0;0;0;建造普通人;null;null;0;普通人;null;null;null;0;1;2;0;7;0;0;0;0;null;750;0;0;Mechanical;0;0;unwalkable;missile;0;ReplaceableTextures\CommandButtons\BTNVillagerMan1.blp;0;55;3;Rosp,Rorb,Rgfo;0;0;buffer;0;0;0;OSMA;0;1;0;50;0;1;0;null;4;null;0;0;1;orc;Alternate;0.3;0;1;0;null;null;0;0;null;1;null;0;普普通通，不强不弱;0;0;null;1;2.34;0;null;10;200;null;0;null;0;0;air,enemies,ground;o00I;50;0;0.3;0;null;0;0;0;0;ShadowGuardTower;E;1;null;1;null;0;0;null;0;0;0;0;owtw;unit
o015;0;0;null;null;1;0;255;null;4;0;512;0;0;0;none;255;0;200;2;250;0;OrcBuildingConstructionLoop;0;0;null;60;0;1;null;null;Abilities\Weapons\WingedSerpentMissile\WingedSerpentMissile.mdl;0;0;0;15;0;0;null;0;A00C,Abds,Arbr,Aspi;0;null;*;0;0.15;Wood;0;120;0;null;null;0;1800;0;0;800;0;5;1;0.15;0;900;normal;null;0;110;500;null;null;0.51;0;2.5;512;0;0;0;-1;0;0;0;null;0;0;null;1600;0;0;0;0;0;Objects\Spawnmodels\Human\HCancelDeath\HCancelDeath.mdl;0;0;units\orc\spiritwalker\spiritwalker.mdl;null;1;80;0;0.05;3;PathTextures\4x4SimpleSolid.tga;HeadHunter;0;0;135;hero;0;0;null;0;null;null;0;0;0;structure;large;1;1;72;0;0;0;建造会减速的普通人;null;null;0;会减速的普通人;null;null;null;0;1;2;0;25;0;0;0;0;null;750;0;0;Mechanical;0;0;unwalkable;missile;0;ReplaceableTextures\CommandButtons\BTNSpiritWalker.blp;0;55;3;Rosp,Rorb,Rgfo;0;0;buffer;0;0;0;OSMA;0;1;0;50;0;1;0;null;18;null;0;0;1;orc;Alternate;0.3;0;1;0;null;null;0;0;null;1;null;0;虽然会减速，仍然是个普通人;0;0;null;1;2.34;0;null;30;200;null;0;null;0;0;air,enemies,ground;o00I;255;0;0.3;0;null;0;0;0;0;ShadowGuardTower;J;1;null;1;null;0;0;null;0;0;0;0;owtw;unit
o016;0;0;null;null;1;0;255;null;4;0;512;0;0;0;none;255;0;200;2;250;0;OrcBuildingConstructionLoop;0;0;null;60;0;1;null;null;Abilities\Weapons\AvengerMissile\AvengerMissile.mdl;0;0;0;15;0;0;null;0;Abds,Arbr,Aspi;0;null;*;0;0.15;Wood;0;120;0;null;null;0;1800;0;0;800;0;8;1;0.15;0;900;normal;null;0;110;500;null;null;0.51;0;2.5;512;0;0;0;-1;0;0;0;null;0;0;null;1600;0;0;0;0;0;Objects\Spawnmodels\Human\HCancelDeath\HCancelDeath.mdl;0;0;units\orc\HeroShadowHunter\HeroShadowHunter.mdl;null;1;80;0;0.05;3;PathTextures\4x4SimpleSolid.tga;Bandit;0;0;135;hero;0;0;null;0;null;null;0;0;0;structure;large;1;1;72;0;0;0;建造高手;null;null;0;高手;null;null;null;0;1;2;0;75;0;0;0;0;null;750;0;0;Mechanical;0;0;unwalkable;missile;0;ReplaceableTextures\CommandButtons\BTNShadowHunter.blp;0;55;3;Rosp,Rorb,Rgfo;0;0;buffer;0;0;0;OSMA;0;1;0;50;0;1;0;null;49;null;0;0;1;orc;Alternate;0.3;0;1;0;null;null;0;0;null;1;null;0;普通人，变成的高手，实力大步提升;0;0;null;1;2.34;0;null;90;200;null;0;null;0;0;air,enemies,ground;o00I;255;0;0.3;0;null;0;0;0;0;ShadowGuardTower;C;1;null;1;null;0;0;null;0;0;0;0;owtw;unit
o017;0;0;null;null;1;0;255;null;4;0;512;0;0;0;none;255;0;200;2;250;0;OrcBuildingConstructionLoop;0;0;null;60;0;1;null;null;Abilities\Spells\Other\FrostBolt\FrostBoltMissile.mdl;0;0;0;15;0;0;null;0;Abds,Arbr,Aspi;0;null;*;0;0.15;Wood;0;120;0;null;null;0;1800;0;0;800;0;8;1;0.15;0;900;normal;null;0;110;500;null;null;0.51;0;2.5;512;0;0;0;-1;0;0;0;null;0;0;null;1600;0;0;0;0;0;Objects\Spawnmodels\Human\HCancelDeath\HCancelDeath.mdl;0;0;units\creeps\assassin\assassin.mdl;null;1;80;0;0.05;3;PathTextures\4x4SimpleSolid.tga;VillagerWoman;0;0;135;hero;0;0;null;0;null;null;0;0;0;structure;large;1;1;72;0;0;0;建造高高手;null;null;0;高高手;null;null;null;0;1;2;0;125;0;0;0;0;null;750;0;0;Mechanical;0;0;unwalkable;missile;0;ReplaceableTextures\CommandButtons\BTNAssassin.blp;0;55;3;Rosp,Rorb,Rgfo;0;0;buffer;0;0;0;OSMA;0;1;0;50;0;1;0;null;74;null;0;0;1;orc;Alternate;0.3;0;1;0;null;null;0;0;null;1;null;0;精英高手。。;0;0;null;1;2.34;0;null;150;200;null;0;null;0;0;air,enemies,ground;o00I;255;0;0.3;0;null;0;0;0;0;ShadowGuardTower;P;1;null;1;null;0;0;null;0;0;0;0;owtw;unit
o018;0;0;null;null;1;0;255;null;4;0;512;0;0;0;none;255;0;200;2;250;0;OrcBuildingConstructionLoop;0;0;null;60;0;1;null;null;Abilities\Spells\Other\FrostBolt\FrostBoltMissile.mdl;0;0;0;15;0;0;null;0;Abds,Arbr,Aspi;0;null;*;0;0.15;Wood;0;120;0;null;null;0;1800;0;0;800;0;21;1;0.15;0;900;normal;null;0;110;500;null;null;0.51;0;2.5;512;0;0;0;-1;0;0;0;null;0;0;null;1600;0;0;0;0;0;Objects\Spawnmodels\Human\HCancelDeath\HCancelDeath.mdl;0;0;units\critters\VillagerMan\VillagerMan.mdl;null;1;80;0;0.05;3;PathTextures\4x4SimpleSolid.tga;VillagerMan;0;0;135;hero;0;0;null;0;null;null;0;0;0;structure;large;1;1;72;0;0;0;建造民间高手;null;null;0;民间高手;null;null;null;0;1;2;0;215;0;0;0;0;null;750;0;0;Mechanical;0;0;unwalkable;missile;0;ReplaceableTextures\CommandButtons\BTNVillagerMan.blp;0;55;3;Rosp,Rorb,Rgfo;0;0;buffer;0;0;0;OSMA;0;1;0;50;0;1;0;null;119;null;0;0;1;orc;Alternate;0.3;0;1;0;null;null;0;0;null;1;null;0;看起来跟普通人差不多，然而高手在民间。;0;0;null;1;2.34;0;null;240;200;null;0;null;0;0;air,enemies,ground;o00I;255;0;0.3;0;null;0;0;0;0;ShadowGuardTower;L;1;null;1;null;0;0;null;0;0;0;0;owtw;unit
owtw;0;0;null;null;1;0;255;null;4;0;512;0;0;0;none;255;0;200;2;250;0;OrcBuildingConstructionLoop;0;0;null;60;0;1;null;null;Abilities\Weapons\GuardTowerMissile\GuardTowerMissile.mdl;0;0;0;15;0;0;null;0;null;0;null;*;0;0.15;Wood;0;120;0;null;null;0;1800;0;0;800;0;11;1;0.15;0;900;normal;null;0;110;500;null;null;0.51;0;2.5;512;0;0;0;-1;0;0;0;null;0;0;null;1600;0;0;0;0;0;Objects\Spawnmodels\Human\HCancelDeath\HCancelDeath.mdl;0;0;units\critters\Penguin\Penguin.mdl;null;1;80;0;0.6;3;PathTextures\4x4SimpleSolid.tga;WatchTower;0;0;135;pierce;0;0;null;0;null;null;0;0;0;structure;large;1;1;72;0;0;0;Build |cffffcc00G|riant Penguin;null;null;0;Giant Penguin;null;null;null;0;1;2;0;100;0;0;0;0;null;800;0;0;Mechanical;0;0;unbuildable;missile;0;ReplaceableTextures\CommandButtons\BTNOrcTower.blp;0;55;3;Rosp,Rorb,Rgfo;0;0;buffer;0;0;0;OSMA;0;1;0;50;0;1;0;null;1;null;0;0;1;orc;Alternate;0.3;0;55;0;null;null;0;0;null;1;null;0;防御性建筑，能得到到加强型防御升级。|n|n|cffffcc00能攻击地面和空中单位。|r;0;0;null;1;2.34;0;null;7;200;null;0;null;0;0;ground,structure,debris,air,item,ward;null;255;0;0.3;0;null;0;0;0;0;ShadowGuardTower;W;1;null;1;null;0;0;null;0;0;0;0;owtw;unit
u000;0;0;null;null;1;0;255;null;0;4;0;0;5;2;blight;255;0;150;1;250;0;null;0;0;null;60;0;1;null;null;null;0;0;0;0;1500;0;null;15;Avul;0;null;*;0;0.15;Flesh;0;60;0;null;WoodLightBash;0;1500;200;0;600;0;2;1;0;0;500;normal;null;0;75;220;null;null;0.51;0;1;0;0;0;120;-1;0;0;3;null;0;0;null;800;0;0;0;0;0;Objects\Spawnmodels\Undead\UndeadLargeDeathExplode\UndeadLargeDeathExplode.mdl;0;0;units\human\BloodElfSpellThief\BloodElfSpellThief.mdl;null;0;0;50;2.5;0;null;Acolyte;0;50;60;unknown;0;522;null;0;null;null;0;0;0;ground;medium;1;1;16;0;0;120;召唤群架高手;null;null;0;群架高手;Shadow;fly;null;0;1;3;0;100;0;0;0;0;null;90;0;1;peon;0;0;null;normal;0;ReplaceableTextures\CommandButtons\BTNSpellBreaker.blp;0;15;0;null;0;0;null;0;0;0;null;1;1;0;20;0;1;0;null;8;null;0;0;1;undead;null;0.4;0;1;0;null;null;0;0;o005,o00R,o00S,o013,o004;1;null;30;绝活多重攻击，来多少都白给，当然这是后期，前期嘛。。;3;0;null;1;3;0;null;0;150;null;0;null;0.6;0;ground,structure,debris,item,ward;null;255;0;0.5;0;null;0;0;0;0;null;S;2;null;1;null;0;0;null;0.3;0;0;0;uaco;unit
u001;0;0;null;null;1;0;255;null;0;4;0;0;5;2;blight;255;0;150;1;250;0;null;0;0;null;60;0;1;null;null;null;0;0;0;0;1500;0;null;15;Avul;0;null;*;0;0.15;Flesh;0;60;0;null;WoodLightBash;0;1500;200;0;600;0;2;1;0;0;500;normal;null;0;75;220;null;null;0.51;0;1;0;0;0;120;-1;0;0;3;null;0;0;null;800;0;0;0;0;0;Objects\Spawnmodels\Undead\UndeadLargeDeathExplode\UndeadLargeDeathExplode.mdl;0;0;units\human\HeroPaladin\HeroPaladin.mdl;null;0;0;50;2.5;0;null;Acolyte;0;50;60;unknown;0;522;null;0;null;null;0;0;0;ground;medium;1;1;16;0;0;120;召唤靠不住家伙;null;null;0;靠不住的家伙;Shadow;fly;null;0;1;3;0;100;0;0;0;0;null;90;0;1;peon;0;0;null;normal;0;ReplaceableTextures\CommandButtons\BTNHeroPaladin.blp;0;15;0;Rguv;0;0;null;0;0;0;null;1;1;0;20;0;1;0;null;8;null;0;0;1;undead;null;0.4;0;1;0;null;null;0;0;o000,o00O,o002,o001,o00P,o00Q;1;null;30;强的时候巨硬，弱的时候垃圾， 试试运气？;3;0;null;1;3;0;null;0;150;null;0;null;0.6;0;ground,structure,debris,item,ward;null;255;0;0.5;0;null;0;0;0;0;null;B;2;null;1;null;0;0;null;0.3;0;0;0;uaco;unit
u002;0;0;null;null;1;0;255;null;0;4;0;0;5;2;blight;255;0;150;1;250;0;null;0;0;null;60;0;1;null;null;null;0;0;0;0;1500;0;null;15;Avul;0;null;*;0;0.15;Flesh;0;60;0;null;WoodLightBash;0;1500;200;0;600;0;2;1;0;0;500;normal;null;0;75;220;null;null;0.51;0;1;0;0;0;120;-1;0;0;3;null;0;0;null;800;0;0;0;0;0;Objects\Spawnmodels\Undead\UndeadLargeDeathExplode\UndeadLargeDeathExplode.mdl;0;0;units\critters\VillagerWoman\VillagerWoman.mdl;null;0;0;50;2.5;0;null;Acolyte;0;50;60;unknown;0;522;null;0;null;null;0;0;0;ground;medium;1;1;16;0;0;120;召唤狙击手;null;null;0;狙击手;Shadow;fly;null;0;1;3;0;100;0;0;0;0;null;90;0;1;peon;0;0;null;normal;0;ReplaceableTextures\CommandButtons\BTNVillagerWoman.blp;0;15;0;Rguv;0;0;null;0;0;0;null;1;1;0;20;0;1;0;null;8;null;0;0;1;undead;null;0.4;0;1;0;null;null;0;0;o00M,o00N,o00L,o00J,o003,o00K;1;null;30;绝活打得远， 不过贵也是真的贵;3;0;null;1;3;0;null;0;150;null;0;null;0.6;0;ground,structure,debris,item,ward;null;255;0;0.5;0;null;0;0;0;0;null;V;2;null;1;null;0;0;null;0.3;0;0;0;uaco;unit
u003;0;0;null;null;1;0;255;null;0;4;0;0;5;2;blight;255;0;150;1;250;0;null;0;0;null;60;0;1;null;null;null;0;0;0;0;1500;0;null;15;Avul;0;null;*;0;0.15;Flesh;0;60;0;null;WoodLightBash;0;1500;200;0;600;0;2;1;0;0;500;normal;null;0;75;220;null;null;0.51;0;1;0;0;0;120;-1;0;0;3;null;0;0;null;800;0;0;0;0;0;Objects\Spawnmodels\Undead\UndeadLargeDeathExplode\UndeadLargeDeathExplode.mdl;0;0;Units\Creeps\HeroGoblinAlchemist\HeroGoblinAlchemist.mdl;null;0;0;50;2.5;0;null;Acolyte;0;50;60;unknown;0;522;null;0;null;null;0;0;0;ground;medium;1;1;16;0;0;120;召唤加buff狂;null;null;0;加buff狂;Shadow;fly;null;0;1;3;0;100;0;0;0;0;null;90;0;1;peon;0;0;null;normal;0;ReplaceableTextures\CommandButtons\BTNHeroAlchemist.blp;0;15;0;Rguv;0;0;null;0;0;0;null;1;1;0;20;0;1;0;null;8;null;0;0;1;undead;null;0.4;0;1;0;null;null;0;0;o00Y,o00Z,o010,o011,o012;1;null;30;绝活给友军加buff，叼得一B。;3;0;null;1;3;0;null;0;150;null;0;null;0.6;0;ground,structure,debris,item,ward;null;255;0;0.5;0;null;0;0;0;0;null;L;2;null;1;null;0;0;null;0.3;0;0;0;uaco;unit
u004;0;0;null;null;1;0;255;null;0;4;0;0;5;2;blight;255;0;150;1;250;0;null;0;0;null;60;0;1;null;null;null;0;0;0;0;1500;0;null;15;Avul;0;null;*;0;0.15;Flesh;0;60;0;null;WoodLightBash;0;1500;200;0;600;0;2;1;0;0;500;normal;null;0;75;220;null;null;0.51;0;1;0;0;0;120;-1;0;0;3;null;0;0;null;800;0;0;0;0;0;Objects\Spawnmodels\Undead\UndeadLargeDeathExplode\UndeadLargeDeathExplode.mdl;0;0;units\nightelf\DruidoftheClaw\DruidoftheClaw.mdl;null;0;0;50;2.5;0;null;Acolyte;0;50;60;unknown;0;522;null;0;null;null;0;0;0;ground;medium;1;1;16;0;0;120;召唤减速大师;null;null;0;减速大师;Shadow;fly;null;0;1;3;0;100;0;0;0;0;null;90;0;1;peon;0;0;null;normal;0;ReplaceableTextures\CommandButtons\BTNDruidOfTheClaw.blp;0;15;0;Rguv;0;0;null;0;0;0;null;1;1;0;20;0;1;0;null;8;null;0;0;1;undead;null;0.4;0;1;0;null;null;0;0;o00T,o00U,o00W,o00V,o00X;1;null;30;绝活减速，想跑，门儿都没有。;3;0;null;1;3;0;null;0;150;null;0;null;0.6;0;ground,structure,debris,item,ward;null;255;0;0.5;0;null;0;0;0;0;null;M;2;null;1;null;0;0;null;0.3;0;0;0;uaco;unit
u005;0;0;null;null;1;0;255;null;0;4;0;0;5;2;blight;255;0;150;1;250;0;null;0;0;null;60;0;1;null;null;null;0;0;0;0;1500;0;null;15;Avul;0;null;*;0;0.15;Flesh;0;60;0;null;WoodLightBash;0;1500;200;0;600;0;2;1;0;0;500;normal;null;0;75;220;null;null;0.51;0;1;0;0;0;120;-1;0;0;3;null;0;0;null;800;0;0;0;0;0;Objects\Spawnmodels\Undead\UndeadLargeDeathExplode\UndeadLargeDeathExplode.mdl;0;0;units\undead\Acolyte\Acolyte;null;0;0;50;2.5;0;null;Acolyte;0;50;60;unknown;0;522;null;0;null;null;0;0;0;ground;medium;1;1;16;0;0;120;召唤实用主义者;null;null;0;实用主义者;Shadow;fly;null;0;1;3;0;100;0;0;0;0;null;90;0;1;peon;0;0;null;normal;0;ReplaceableTextures\CommandButtons\BTNAcolyte.blp;0;15;0;Rguv;0;0;null;0;0;0;null;1;1;0;20;0;1;0;null;8;null;0;0;1;undead;null;0.4;0;1;0;null;null;0;0;o014,o015,o016,o017,o018;1;null;30;没有绝活，胜在实用，性价比高的一B。;3;0;null;1;3;0;null;0;150;null;0;null;0.6;0;ground,structure,debris,item,ward;null;255;0;0.5;0;null;0;0;0;0;null;D;2;null;1;null;0;0;null;0.3;0;0;0;uaco;unit
u006;0;0;null;null;1;0;40;null;0;0;0;0;6;2;blight;40;0;220;5;250;0;null;0;0;null;60;10;1;null;AxeMediumChop;null;0;0;0;0;1500;0;null;20;Acan,Ahrl,Aiun;0;null;*;0;0.15;Flesh;1.35;60;0;null;WoodMediumBash;0;1500;0;0;800;0;1;1;0;0;500;normal;null;0;120;475;null;null;0.51;0;1.1;0;0;0;120;-1;0;0;3;null;0;0;null;1400;0;0;2;0;0;Objects\Spawnmodels\Undead\UndeadLargeDeathExplode\UndeadLargeDeathExplode.mdl;0;0.433;units\critters\VillagerMan1\VillagerMan1.mdl;null;0;0;60;1.3;0;null;Ghoul;0;60;60;normal;0;270;null;0;null;null;0;0;0;ground;large;1;1;10;0;0;120;训练食尸鬼(|cffffcc00G|r);null;null;0;冲呀;Shadow;foot;null;0;1;3;120;100;0;0;0;0;null;90;0;2;null;0;0;null;normal;0;ReplaceableTextures\CommandButtons\BTNGhoul.blp;0;18;5;Ruar,Rume,Rugf,Ruac,Rupm,Rguv;0;0;null;0;0;0;null;1;1;0;20;0;1;0;null;999;null;0;0;1;undead;null;0.39;0;18;1;null;null;0;0;null;1;null;30;基本的地面单位，也能采集木材。能学习到吞食尸体和食尸鬼狂热技能。|n|n|cffffcc00能攻击地面单位和树木。|r;3;0;tree;2;1.67;0;null;120;220;null;0;null;0.5;0;ground,structure,debris,item,ward;null;40;0;0.44;0;null;0;0;0.433;66;null;G;2;null;1;normal;0;0;null;0;10;0;0;ugho;unit
u007;0;0;null;null;1;0;255;null;0;0;0;0;6;2;blight;255;0;220;5;250;0;null;0;0;null;60;10;1;null;AxeMediumChop;null;0;0;0;0;1500;0;null;20;Acan,Ahrl,Aiun;0;null;*;0;0.15;Flesh;1.35;60;0;null;WoodMediumBash;0;1500;0;0;800;0;1;1;0;0;500;normal;null;0;120;600;null;null;0.51;0;1.1;0;0;0;120;-1;0;0;3;null;0;0;null;1400;0;0;2;0;0;Objects\Spawnmodels\Undead\UndeadLargeDeathExplode\UndeadLargeDeathExplode.mdl;0;0.433;units\critters\VillagerWoman\VillagerWoman.mdl;null;0;0;60;1.3;0;null;Ghoul;0;60;60;normal;0;270;null;0;null;null;0;0;0;ground;fort;1;1;10;0;0;120;训练食尸鬼(|cffffcc00G|r);null;null;0;来，打我;Shadow;foot;null;0;1;3;120;100;0;0;0;0;null;90;0;2;null;0;0;null;normal;0;ReplaceableTextures\CommandButtons\BTNGhoul.blp;0;18;7;Ruar,Rume,Rugf,Ruac,Rupm,Rguv;0;0;null;0;0;0;null;1;1;0;20;0;1;0;null;999;null;0;0;1;undead;null;0.39;0;18;1;null;null;0;0;null;1;null;30;基本的地面单位，也能采集木材。能学习到吞食尸体和食尸鬼狂热技能。|n|n|cffffcc00能攻击地面单位和树木。|r;3;0;tree;2;1.67;0;null;120;220;null;0;null;0.5;0;ground,structure,debris,item,ward;null;255;0;0.44;0;null;0;0;0.433;66;null;G;2;null;1;normal;0;0;null;0;10;0;0;ugho;unit
u008;0;0;null;null;1;0;255;null;0;0;0;0;6;2;blight;255;0;220;5;250;0;null;0;0;null;60;10;1;null;AxeMediumChop;null;0;0;0;0;1500;0;null;20;Acan,Ahrl,Aiun;0;null;*;0;0.15;Flesh;1.35;60;0;null;WoodMediumBash;0;1500;0;0;800;0;1;1;0;0;500;normal;null;0;120;800;null;null;0.51;0;1.1;0;0;0;120;-1;0;0;3;null;0;0;null;1400;0;0;2;0;0;Objects\Spawnmodels\Undead\UndeadLargeDeathExplode\UndeadLargeDeathExplode.mdl;0;0.433;units\other\BloodElfLieutenant\BloodElfLieutenant.mdl;null;0;0;60;1.3;0;null;Ghoul;0;60;60;normal;0;270;null;0;null;null;0;0;0;ground;normal;1;1;10;0;0;120;训练食尸鬼(|cffffcc00G|r);null;null;0;啊呀呀;Shadow;foot;null;0;1;3;120;100;0;0;0;0;null;90;0;2;null;0;0;null;normal;0;ReplaceableTextures\CommandButtons\BTNGhoul.blp;0;18;6;Ruar,Rume,Rugf,Ruac,Rupm,Rguv;0;0;null;0;0;0;null;1;1;0;20;0;1;0;null;999;null;0;0;1;undead;null;0.39;0;18;1;null;null;0;0;null;1;null;30;基本的地面单位，也能采集木材。能学习到吞食尸体和食尸鬼狂热技能。|n|n|cffffcc00能攻击地面单位和树木。|r;3;0;tree;2;1.67;0;null;120;220;null;0;null;0.5;0;ground,structure,debris,item,ward;null;255;0;0.44;0;null;0;0;0.433;66;null;G;13;null;1;normal;0;0;null;0;10;0;0;ugho;unit
u009;0;0;null;null;1;0;255;null;0;0;0;0;6;2;blight;255;0;220;5;250;0;null;0;0;null;60;10;1;null;AxeMediumChop;null;0;0;0;0;1500;0;null;20;Acan,Ahrl,Aiun;0;null;*;0;0.15;Flesh;1.35;60;0;null;WoodMediumBash;0;1500;0;0;800;0;1;1;0;0;500;normal;null;0;120;1100;null;null;0.51;0;1.1;0;0;0;120;-1;0;0;3;null;0;0;null;1400;0;0;2;0;0;Objects\Spawnmodels\Undead\UndeadLargeDeathExplode\UndeadLargeDeathExplode.mdl;0;0.433;units\human\Priest\Priest_V1.mdl;null;0;0;60;1.3;0;null;Ghoul;0;60;60;normal;0;270;null;0;null;null;0;0;0;ground;small;1;1;10;0;0;120;训练食尸鬼(|cffffcc00G|r);null;null;0;给我冲;Shadow;foot;null;0;1;3;120;100;0;0;0;0;null;90;0;2;null;0;0;null;normal;0;ReplaceableTextures\CommandButtons\BTNGhoul.blp;0;18;5;Ruar,Rume,Rugf,Ruac,Rupm,Rguv;0;0;null;0;0;0;null;1;1;0;20;0;1;0;null;999;null;0;0;1;undead;null;0.39;0;18;1;null;null;0;0;null;1;null;30;基本的地面单位，也能采集木材。能学习到吞食尸体和食尸鬼狂热技能。|n|n|cffffcc00能攻击地面单位和树木。|r;3;0;tree;2;1.67;0;null;120;220;null;0;null;0.5;0;ground,structure,debris,item,ward;null;255;0;0.44;0;null;0;0;0.433;66;null;G;14;null;1;normal;0;0;null;0;10;0;0;ugho;unit
uaco;0;0;null;null;1;0;255;null;0;4;0;0;5;2;blight;255;0;150;1;250;0;null;0;0;null;60;0;1;null;null;null;0;0;0;0;1500;0;null;15;null;0;null;*;0;0.15;Flesh;0;60;0;null;WoodLightBash;0;1500;0;0;600;0;2;1;0;0;500;normal;null;0;75;220;null;null;0.51;0;1;0;0;0;120;-1;0;0;3;null;0;0;null;800;0;0;0;0;0;Objects\Spawnmodels\Undead\UndeadLargeDeathExplode\UndeadLargeDeathExplode.mdl;0;0;units\undead\Acolyte\Acolyte;null;0;0;50;2.5;0;null;Acolyte;0;50;60;normal;0;220;null;0;0;null;0;0;0;ground;medium;1;1;16;0;0;120;|cffffcc00B|rig Daddy;null;null;0;叫爸爸;Shadow;foot;null;0;1;3;0;100;0;0;0;0;null;90;0;1;Peon,undead;0;0;null;normal;0;ReplaceableTextures\CommandButtons\BTNAcolyte.blp;0;15;0;Rguv;0;0;null;0;0;0;null;1;1;0;20;0;1;0;null;8;null;0;0;1;undead;null;0.4;0;15;0;null;null;0;0;null;1;null;30;Builds units from Big Daddy.  This race excels in ;3;0;null;1;3;0;null;75;150;null;0;null;0.6;0;ground,structure,debris,item,ward;null;255;0;0.5;0;null;0;0;0;0;null;B;2;null;1;null;0;0;null;0.3;0;0;0;uaco;unit
