id;攻击 1 - 动画伤害点;阴影图像 - 宽度;不可见区域显示单位;攻击 2 - 伤害衰减参数;攻击 1 - 攻击类型;攻击 2 - 范围影响目标;攻击 2 - 动画回复点;选择圈在水面上;攻击 2 - 攻击类型;动画 - 魔法施放回复;需求 - 等级 2;生命回复;特殊效果;Y轴最大旋转角度(弧度);攻击 2 - 基础伤害;英雄 - 每等级提升力量;称谓;阴影图像 - X轴偏移;攻击 1 -最大目标数;攻击 2 - 攻击范围;能被其他建筑建造;英雄 - 隐藏小地图英雄显示;队形排列;射弹碰撞偏移 - Z;中立建筑 - 可作为随机建筑;AI放置范围;攻击 1 - 攻击范围缓冲;黄金奖励 - 基础值;英雄 - 隐藏英雄栏图标;动画 - 跑步速度;攻击 2 - 伤害骰子面数;占用人口;编队优先权;队伍颜色;生命最大值;动画 - 魔法施放点;魔法回复;X轴最大旋转角度(弧度);攻击 2 - 小伤害范围;图标 - 游戏界面;可以逃跑;攻击 2 - 射弹自导允许;黄金奖励 - 骰子数量;攻击 1 - 小伤害范围;地形设置;攻击 1 - 投射物图像;英雄 - 初始敏捷;攻击 1 - 动画回复点;从属等价物;颜色值(红);循环淡入率;可在编辑器中放置;名字 - 编辑器后缀;攻击 2 - 全伤害范围;售出单位;木材奖励 - 骰子数量;要求动画名;提供人口;提示工具 -唤醒;魔法升级说明;售出物品;死亡时间(秒);攻击 2 - 武器类型;攻击 2 - 中伤害范围;热键;阴影图像(建筑);攻击 1 - 武器类型;攻击 1 - 范围影响目标;装甲类型;射弹碰撞偏移 - Z (深水);模型文件 - 版本;修理时间;能建造在其他建筑上;允许睡眠;要求附加动画链接名;称谓数量;最小速度;战争迷雾 - 采样范围;转身速度;高度变化 - 采样点数量;修理黄金消耗;可作为中立敌对显示;运输尺寸;射弹偏移 - Y;攻击 2 - 攻击间隔;目标效果;高度变化 - 采样范围;作为目标类型;英雄 - 隐藏英雄死亡信息;攻击 1 - 目标允许;隐藏小地图显示;分类 - 战役;建筑;随机;要求骨骼名;雇佣时间间隔;攻击 2 - 穿透伤害范围;高度;图标 - 计分屏;路径纹理;使用科技;队伍颜色 - 允许自定义;要求动画名 - 附加动画;攻击 2 - 动画伤害点;射弹偏移 - X;建造时间;阴影图像 - 高度;魔法升级图标;提示工具 -重生;攻击 2 - 目标允许;等级;主动攻击范围;攻击 1 - 中伤害参数;英雄 - 初始智力;模型文件;最大库存量;攻击 1 - 伤害骰子面数;修理木材消耗;攻击 1 - 显示UI;深水区有阴影;木材奖励 - 骰子面数;木材消耗;移动;魔法初始数量;允许攻击模式;选择缩放;射弹偏移 - Z (深水);木材奖励 - 基础值;组群分离 -优先权;攻击 1 - 射弹速率;魔法最大值;有地形指定数据;最小攻击范围;放置要求;最大速度;攻击 2 - 武器声音;单位声音设置;攻击 1 - 小伤害参数;模型缩放;黄金消耗;名字;普通;提示工具 - 基础;提示工具 - 扩展;颜色值(绿);英雄 - 每等级提升敏捷;攻击 2 - 显示UI;组群分离 - 组号;AI放置类型;英雄 - 每等级提升智力;制造物品;基础护甲;攻击 1 - 全伤害范围;类型;攻击 1 - 中伤害范围;闭塞高度;攻击 1 - 伤害骰子数量;攻击 1 - 基础伤害;可设置死亡掉落物品;需求 - 等级 3;死亡类型;视野范围(夜晚);放置要求距离水的范围;防御升级奖励;攻击 1 - 射弹自导允许;攻击 1 - 伤害升级奖励;基础速度;建筑升级;动画 - 转向补正;攻击 2 - 穿透伤害距离;攻击 1 - 攻击间隔;攻击 2 - 攻击范围缓冲;单位附加值;攻击 1 - 穿透伤害距离;攻击 1 - 攻击范围;攻击 1 - 穿透伤害范围;需求 -使用等级数;阴影图像 - Y轴偏移;碰撞体积;攻击 1 - 伤害衰减参数;黄金奖励 - 骰子面数;默认主动技能;组群分离 - 参数;按钮位置(Y);可重生阵亡英雄;英雄 - 主要属性;缩放投射物;选择圈高度;护甲类型;按钮位置(X);攻击 2 - 伤害升级奖励;放置不允许;是一个建筑;阴影图像(单位);射弹偏移 - Z;英雄;种族;攻击 2 - 伤害骰子数量;说明;中立建筑 - 显示小地图标记;视野范围(白天);分类 - 特殊;英雄 - 初始力量;雇佣开始时间;攻击 2 -最大目标数;循环淡出率;需求;训练单位;攻击 2 - 小伤害参数;魔法升级名字;最小高度;可研究项目;单位类别;攻击 1 - 射弹弧度;颜色值(蓝);攻击 2 - 中伤害参数;组群分离 - 允许;动画 - 行走速度;动画 - 混合时间(秒);攻击 2 - 投射物图像;攻击 2 - 射弹速率;使用点击帮助;攻击 2 - 射弹弧度;生命回复类型;建筑地面纹理;动画 - 转向角度;可建造建筑;攻击 1 - 武器声音;模板;类型
id;dmgpt1;shadowW;fatLOS;damageLoss2;atkType1;splashTargs2;backSw2;selCircOnWater;atkType2;castbsw;Requires1;regenHP;Specialart;maxRoll;dmgplus2;STRplus;Propernames;shadowX;targCount1;rangeN2;canBuildOn;hideHeroMinimap;formation;impactZ;nbrandom;buffRadius;RngBuff1;bountyplus;hideHeroBar;run;sides2;fused;prio;teamColor;HP;castpt;regenMana;maxPitch;Qarea2;Art;canFlee;MissileHoming_2;bountydice;Qarea1;tilesets;Missileart_1;AGI;backSw1;DependencyOr;red;LoopingSoundFadeIn;inEditor;EditorSuffix;Farea2;Sellunits;lumberbountydice;animProps;fmade;Awakentip;Casterupgradetip;Sellitems;death;weapTp2;Harea2;Hotkey;buildingShadow;weapTp1;splashTargs1;armor;impactSwimZ;fileVerFlags;reptm;isBuildOn;canSleep;Attachmentlinkprops;nameCount;minSpd;fogRad;turnRate;elevPts;goldRep;hostilePal;cargoSize;launchY;cool2;Targetart;elevRad;targType;hideHeroDeathMsg;targs1;hideOnMinimap;campaign;BuildingSoundLabel;RandomSoundLabel;Boneprops;stockRegen;spillRadius2;moveHeight;ScoreScreenIcon;pathTex;upgrades;customTeamColor;Attachmentanimprops;dmgpt2;launchX;bldtm;shadowH;Casterupgradeart;Revivetip;targs2;level;acquire;Hfact1;INT;file;stockMax;sides1;lumberRep;showUI1;shadowOnWater;lumberbountysides;lumbercost;MovementSoundLabel;mana0;weapsOn;scale;launchSwimZ;lumberbountyplus;repulsePrio;Missilespeed_1;manaN;tilesetSpecific;minRange;preventPlace;maxSpd;weapType2;unitSound;Qfact1;modelScale;goldcost;Name;abilList;Tip;Ubertip;green;AGIplus;showUI2;repulseGroup;buffType;INTplus;Makeitems;def;Farea1;movetp;Harea1;occH;dice1;dmgplus1;dropItems;Requires2;deathType;nsight;requireWaterRadius;defUp;MissileHoming_1;dmgUp1;spd;Upgrade;orientInterp;spillDist2;cool1;RngBuff2;points;spillDist1;rangeN1;spillRadius1;Requirescount;shadowY;collision;damageLoss1;bountysides;auto;repulseParam;Buttonpos_2;Revive;Primary;scaleBull;selZ;defType;Buttonpos_1;dmgUp2;requirePlace;isbldg;unitShadow;launchZ;heroAbilList;race;dice2;Description;nbmmIcon;sight;special;STR;stockStart;targCount2;LoopingSoundFadeOut;Requires;Trains;Qfact2;Casterupgradename;moveFloor;Researches;type;Missilearc_1;blue;Hfact2;repulse;walk;blend;Missileart_2;Missilespeed_2;useClickHelper;Missilearc_2;regenType;uberSplat;propWin;Builds;weapType1;_parent;_tp
e000;0.46;190;0;0;normal;null;0;0;normal;0.4;null;0.5;Objects\Spawnmodels\NightElf\NightElfLargeDeathExplode\NightElfLargeDeathExplode.mdl;10;0;0;null;75;2;0;0;0;0;60;0;0;250;25;0;240;0;3;3;-1;1400;0.6;0;45;0;ReplaceableTextures\CommandButtons\BTNHuntress.blp;1;0;7;0;*;Abilities\Weapons\SentinelMissile\SentinelMissile.mdl;0;0.54;null;255;0;1;null;0;null;0;null;0;null;null;null;3;null;0;H;null;mbounce;ground,structure,debris,enemy;Flesh;0;0;30;0;0;null;0;0;0;0.6;0;195;0;1;0;0;null;30;ground;0;ground,structure,debris,item,ward;0;0;null;null;null;30;0;0;null;null;Resm,Rema,Resc,Reuv,Remg,Repm;0;medium;0;0;30;190;null;null;null;3;500;0;0;units\creeps\OrcWarlock\OrcWarlock.mdl;3;1;20;1;1;0;20;null;0;1;1.5;0;0;0;900;0;0;0;null;0;null;Huntress;0;1;195;老巫师;Aesn,Amgl,Aien,Ault;训练老巫师(|cffffcc00H|r);灵活的近距离攻击单位。|n|n|cffffcc00能攻击地面单位。|r;255;0;1;0;null;0;null;7;400;foot;0;0;1;999;1;null;3;800;0;2;0;0;350;null;4;0;1.8;0;100;0;225;0;0;75;10;0.5;3;null;0;0;0;null;1;0;medium;1;0;null;0;Shadow;60;null;nightelf;0;null;0;1400;0;0;0;1;0;edob;null;0;null;0;null;null;0.1;255;0;0;240;0.15;null;0;0;0;night;null;60;null;MetalMediumSlice;esen;unit
e001;0.46;190;0;0;normal;null;0;0;normal;0.4;null;0.5;Objects\Spawnmodels\NightElf\NightElfLargeDeathExplode\NightElfLargeDeathExplode.mdl;10;0;0;null;75;2;0;0;0;0;60;0;0;250;25;0;240;0;3;3;-1;1700;0.6;0;45;0;ReplaceableTextures\CommandButtons\BTNHuntress.blp;1;0;7;0;*;Abilities\Weapons\SentinelMissile\SentinelMissile.mdl;0;0.54;null;255;0;1;null;0;null;0;null;0;null;null;null;3;null;0;H;null;mbounce;ground,structure,debris,enemy;Flesh;0;0;30;0;0;null;0;0;0;0.6;0;195;0;1;0;0;null;30;ground;0;ground,structure,debris,item,ward;0;0;null;null;null;30;0;0;null;null;Resm,Rema,Resc,Reuv,Remg,Repm;0;medium;0;0;30;190;null;null;null;3;500;0;0;units\other\DalaranMutant\DalaranMutant.mdl;3;1;20;1;1;0;20;null;0;1;1.5;0;0;0;900;0;0;0;null;0;null;Huntress;0;1;195;恶鬼;Aesn,Amgl,Aien,Ault;训练恶鬼(|cffffcc00H|r);灵活的近距离攻击单位。|n|n|cffffcc00能攻击地面单位。|r;255;0;1;0;null;0;null;5;400;foot;0;0;1;999;1;null;3;800;0;2;0;0;350;null;4;0;1.8;0;100;0;225;0;0;75;10;0.5;3;null;0;0;0;null;1;0;large;1;0;null;0;Shadow;60;null;nightelf;0;null;0;1400;0;0;0;1;0;edob;null;0;null;0;null;null;0.1;255;0;0;240;0.15;null;0;0;0;night;null;60;null;MetalMediumSlice;esen;unit
e002;0.46;190;0;0;normal;null;0;0;normal;0.4;null;0.5;Objects\Spawnmodels\NightElf\NightElfLargeDeathExplode\NightElfLargeDeathExplode.mdl;10;0;0;null;75;2;0;0;0;0;60;0;0;250;25;0;240;0;3;3;-1;2000;0.6;0;45;0;ReplaceableTextures\CommandButtons\BTNHuntress.blp;1;0;7;0;*;Abilities\Weapons\SentinelMissile\SentinelMissile.mdl;0;0.54;null;255;0;1;null;0;null;0;null;0;null;null;null;3;null;0;H;null;mbounce;ground,structure,debris,enemy;Flesh;0;0;30;0;0;null;0;0;0;0.6;0;195;0;1;0;0;null;30;ground;0;ground,structure,debris,item,ward;0;0;null;null;null;30;0;0;null;null;Resm,Rema,Resc,Reuv,Remg,Repm;0;medium;0;0;30;190;null;null;null;3;500;0;0;units\creeps\HighElfArcher\HighElfArcher.mdl;3;1;20;1;1;0;20;null;0;1;1.5;0;0;0;900;0;0;0;null;0;null;Huntress;0;1;195;长弓猎手;Aesn,Amgl,Aien,Ault;训练长弓猎手(|cffffcc00H|r);灵活的近距离攻击单位。|n|n|cffffcc00能攻击地面单位。|r;255;0;1;0;null;0;null;6;400;foot;0;0;1;999;1;null;3;800;0;2;0;0;350;null;4;0;1.8;0;100;0;225;0;0;75;10;0.5;3;null;0;0;0;null;1;0;fort;1;0;null;0;Shadow;60;null;nightelf;0;null;0;1400;0;0;0;1;0;edob;null;0;null;0;null;null;0.1;255;0;0;240;0.15;null;0;0;0;night;null;60;null;MetalMediumSlice;esen;unit
e003;0.46;190;0;0;normal;null;0;0;normal;0.4;null;0.5;Objects\Spawnmodels\NightElf\NightElfLargeDeathExplode\NightElfLargeDeathExplode.mdl;10;0;0;null;75;2;0;0;0;0;60;0;0;250;25;0;240;0;3;3;-1;2500;0.6;0;45;0;ReplaceableTextures\CommandButtons\BTNHuntress.blp;1;0;7;0;*;Abilities\Weapons\SentinelMissile\SentinelMissile.mdl;0;0.54;null;255;0;1;null;0;null;0;null;0;null;null;null;3;null;0;H;null;mbounce;ground,structure,debris,enemy;Flesh;0;0;30;0;0;null;0;0;0;0.6;0;195;0;1;0;0;null;30;ground;0;ground,structure,debris,item,ward;0;0;null;null;null;30;0;0;null;null;Resm,Rema,Resc,Reuv,Remg,Repm;0;medium;0;0;30;190;null;null;null;3;500;0;0;units\human\Knight\Knight.mdl;3;1;20;1;1;0;20;null;0;1;1.5;0;0;0;900;0;0;0;null;0;null;Huntress;0;1;195;先锋骑士;Aesn,Amgl,Aien,Ault;训练先锋骑士(|cffffcc00H|r);灵活的近距离攻击单位。|n|n|cffffcc00能攻击地面单位。|r;255;0;1;0;null;0;null;5;400;foot;0;0;1;999;1;null;3;800;0;2;0;0;350;null;4;0;1.8;0;100;0;225;0;0;75;10;0.5;3;null;0;0;0;null;1;0;normal;1;0;null;0;Shadow;60;null;nightelf;0;null;0;1400;0;0;0;1;0;edob;null;0;null;0;null;null;0.1;255;0;0;240;0.15;null;0;0;0;night;null;60;null;MetalMediumSlice;esen;unit
e004;0.46;190;0;0;normal;null;0;0;normal;0.4;null;0.5;Objects\Spawnmodels\NightElf\NightElfLargeDeathExplode\NightElfLargeDeathExplode.mdl;10;0;0;null;75;2;0;0;0;0;60;0;0;250;25;0;240;0;3;3;-1;35000;0.6;0;45;0;ReplaceableTextures\CommandButtons\BTNHuntress.blp;1;0;7;0;*;Abilities\Weapons\SentinelMissile\SentinelMissile.mdl;0;0.54;null;255;0;1;null;0;null;0;null;0;null;null;null;3;null;0;H;null;mbounce;ground,structure,debris,enemy;Flesh;0;0;30;0;0;null;0;0;0;0.6;0;195;0;1;0;0;null;30;ground;0;ground,structure,debris,item,ward;0;0;null;null;null;30;0;0;null;null;Resm,Rema,Resc,Reuv,Remg,Repm;0;medium;0;0;30;190;null;null;null;3;500;0;0;units\other\Proudmoore\Proudmoore.mdl;3;1;20;1;1;0;20;null;0;1;1.5;0;0;0;900;0;0;0;null;0;null;Huntress;0;2.5;195;巨大的船长;Aesn,Amgl,Aien,Ault;训练巨大的船长(|cffffcc00H|r);灵活的近距离攻击单位。|n|n|cffffcc00能攻击地面单位。|r;255;0;1;0;null;0;null;5;400;foot;0;0;1;999;1;null;3;800;0;2;0;0;350;null;4;0;1.8;0;100;0;225;0;0;75;10;0.5;3;null;0;0;0;null;1;0;hero;1;0;null;0;Shadow;60;null;nightelf;0;null;0;1400;0;0;0;1;0;edob;null;0;null;0;null;null;0.1;255;0;0;240;0.15;null;0;0;0;night;null;60;null;MetalMediumSlice;esen;unit
h000;0;0;0;0;normal;null;0;0;normal;0.51;null;0;Objects\Spawnmodels\Human\HCancelDeath\HCancelDeath.mdl;0;0;0;null;0;0;0;0;0;0;160;0;8;0;0;0;200;0;0;6;-1;1500;0;0;0;0;ReplaceableTextures\CommandButtons\BTNTownHall.blp;1;0;0;0;*;Abilities\Weapons\GuardTowerMissile\GuardTowerMissile.mdl;0;0;null;255;512;1;null;0;null;0;null;2;null;null;null;3.17;null;0;H;ShadowTownhall;null;null;Wood;0;0;180;0;0;null;0;0;0;0;4;385;0;0;0;0;null;50;structure;0;null;0;0;BuildingConstructionLoop;null;null;0;0;0;null;PathTextures\16x16Simple.tga;null;0;large;0;0;180;0;null;null;null;0;0;0;0;buildings\human\TownHall\TownHall;0;0;205;1;1;0;205;null;0;0;6.3;0;0;0;1800;0;1;0;unwalkable;0;null;TownHall;0;1;385;酒馆;Avul;建造酒馆(|cffffcc00H|r);雇佣农民，能让玩家建造许多新的建筑物和单位。;255;0;1;0;townhall;0;null;5;0;null;0;0;0;0;1;null;2;600;0;1;0;0;0;null;0;0;0;0;100;0;0;0;0;0;176;0;0;null;0;0;0;null;1;0;fort;0;0;null;1;null;60;null;human;0;null;0;900;0;0;0;1;512;null;u005,u004,u003,u000,u001,u002;0;null;0;null;TownHall,Mechanical;0.15;255;0;0;200;0.15;null;0;0;0;none;HTOW;60;null;null;htow;unit
h001;0.5;140;0;0;normal;null;0;0;normal;0.51;null;0.25;Objects\Spawnmodels\Human\HumanLargeDeathExplode\HumanLargeDeathExplode.mdl;10;0;0;null;50;1;0;0;0;0;60;0;0;250;20;0;210;0;2;6;-1;20;0.3;0;10;0;ReplaceableTextures\CommandButtons\BTNFootman.blp;1;0;6;0;*;null;0;0.5;null;255;0;1;null;0;null;0;null;0;null;null;null;3.04;null;0;F;null;normal;null;Metal;0;0;20;0;0;null;0;0;0;0.6;0;135;0;1;0;0;null;20;ground;0;ground,structure,debris,item,ward;0;0;null;null;null;30;0;0;null;null;Rhar,Rhme,Rhde,Rhpm,Rguv;0;null;0;0;20;140;null;null;null;2;500;0;0;units\human\Sorceress\Sorceress_V1.mdl;3;1;0;1;1;0;0;null;0;1;1;0;0;0;1500;0;0;0;null;0;null;Footman;0;1;135;女巫;Adef,Aihn;训练女巫(|cffffcc00F|r);步兵能学习到防御模式技能。|n|n|cffffcc00能攻击地面单位。|r;255;0;1;0;null;0;null;1;0;foot;0;0;1;999;1;null;3;800;0;2;0;0;270;null;0;0;1.35;0;100;0;90;0;0;50;10;0;3;null;0;0;0;null;1;0;normal;0;0;null;0;Shadow;60;null;human;0;null;0;1400;0;0;0;1;0;null;null;0;null;0;null;null;0;255;0;0;210;0.15;null;1500;0;0;always;null;60;null;MetalMediumSlice;hfoo;unit
h002;0.5;140;0;0;normal;null;0;0;normal;0.51;null;0.25;Objects\Spawnmodels\Human\HumanLargeDeathExplode\HumanLargeDeathExplode.mdl;10;0;0;null;50;1;0;0;0;0;60;0;0;250;20;0;210;0;2;6;-1;45;0.3;0;10;0;ReplaceableTextures\CommandButtons\BTNFootman.blp;1;0;6;0;*;null;0;0.5;null;255;0;1;null;0;null;0;null;0;null;null;null;3.04;null;0;F;null;normal;null;Metal;0;0;20;0;0;null;0;0;0;0.6;0;135;0;1;0;0;null;20;ground;0;ground,structure,debris,item,ward;0;0;null;null;null;30;0;0;null;null;Rhar,Rhme,Rhde,Rhpm,Rguv;0;null;0;0;20;140;null;null;null;2;500;0;0;units\nightelf\HeroDemonHunter\HeroDemonHunter.mdl;3;1;0;1;1;0;0;null;0;1;1;0;0;0;1500;0;0;0;null;0;null;Footman;0;1;135;尤迪安;Adef,Aihn;训练尤迪安(|cffffcc00F|r);步兵能学习到防御模式技能。|n|n|cffffcc00能攻击地面单位。|r;255;0;1;0;null;0;null;2;0;foot;0;0;1;999;1;null;3;800;0;2;0;0;270;null;0;0;1.35;0;100;0;90;0;0;50;10;0;3;null;0;0;0;null;1;0;small;0;0;null;0;Shadow;60;null;human;0;null;0;1400;0;0;0;1;0;null;null;0;null;0;null;null;0;255;0;0;210;0.15;null;1500;0;0;always;null;60;null;MetalMediumSlice;hfoo;unit
h003;0.5;140;0;0;normal;null;0;0;normal;0.51;null;0.25;Objects\Spawnmodels\Human\HumanLargeDeathExplode\HumanLargeDeathExplode.mdl;10;0;0;null;50;1;0;0;0;0;60;0;0;250;20;0;210;0;2;6;-1;95;0.3;0;10;0;ReplaceableTextures\CommandButtons\BTNFootman.blp;1;0;6;0;*;null;0;0.5;null;255;0;1;null;0;null;0;null;0;null;null;null;3.04;null;0;F;null;normal;null;Metal;0;0;20;0;0;null;0;0;0;0.6;0;135;0;1;0;0;null;20;ground;0;ground,structure,debris,item,ward;0;0;null;null;null;30;0;0;null;null;Rhar,Rhme,Rhde,Rhpm,Rguv;0;null;0;0;20;140;null;null;null;2;500;0;0;units\creeps\OgreOneHeaded\OgreOneHeaded.mdl;3;1;0;1;1;0;0;null;0;1;1;0;0;0;1500;0;0;0;null;0;null;Footman;0;1;135;石锤食人魔;Adef,Aihn;训练石锤食人魔(|cffffcc00F|r);步兵能学习到防御模式技能。|n|n|cffffcc00能攻击地面单位。|r;255;0;1;0;null;0;null;3;0;foot;0;0;1;999;1;null;3;800;0;2;0;0;270;null;0;0;1.35;0;100;0;90;0;0;50;10;0;3;null;0;0;0;null;1;0;medium;0;0;null;0;Shadow;60;null;human;0;null;0;1400;0;0;0;1;0;null;null;0;null;0;null;null;0;255;0;0;210;0.15;null;1500;0;0;always;null;60;null;MetalMediumSlice;hfoo;unit
h004;0.5;140;0;0;normal;null;0;0;normal;0.51;null;0.25;Objects\Spawnmodels\Human\HumanLargeDeathExplode\HumanLargeDeathExplode.mdl;10;0;0;null;50;1;0;0;0;0;60;0;0;250;20;0;210;0;2;6;-1;125;0.3;0;10;0;ReplaceableTextures\CommandButtons\BTNFootman.blp;1;0;6;0;*;null;0;0.5;null;255;0;1;null;0;null;0;null;0;null;null;null;3.04;null;0;F;null;normal;null;Metal;0;0;20;0;0;null;0;0;0;0.6;0;135;0;1;0;0;null;20;ground;0;ground,structure,debris,item,ward;0;0;null;null;null;30;0;0;null;null;Rhar,Rhme,Rhde,Rhpm,Rguv;0;null;0;0;20;140;null;null;null;2;500;0;0;units\critters\HighElfPeasant\HighElfPeasant.mdl;3;1;0;1;1;0;0;null;0;1;1;0;0;0;1500;0;0;0;null;0;null;Footman;0;1;135;血精灵工程师;Adef,Aihn;训练血精灵工程师(|cffffcc00F|r);步兵能学习到防御模式技能。|n|n|cffffcc00能攻击地面单位。|r;255;0;1;0;null;0;null;4;0;foot;0;0;1;999;1;null;3;800;0;2;0;0;270;null;0;0;1.35;0;100;0;90;0;0;50;10;0;3;null;0;0;0;null;1;0;large;0;0;null;0;Shadow;60;null;human;0;null;0;1400;0;0;0;1;0;null;null;0;null;0;null;null;0;255;0;0;210;0.15;null;1500;0;0;always;null;60;null;MetalMediumSlice;hfoo;unit
h005;0.17;120;0;0;pierce;null;0;0;normal;0.51;null;0.25;Objects\Spawnmodels\Human\HumanLargeDeathExplode\HumanLargeDeathExplode.mdl;10;0;0;null;50;1;0;0;0;2;60;0;0;250;20;0;240;0;3;2;-1;3250;0.3;0;10;0;ReplaceableTextures\CommandButtons\BTNRifleman.blp;1;0;6;0;*;Abilities\Weapons\Rifle\RifleImpact.mdl;0;0.7;null;255;0;1;null;0;null;0;null;0;null;null;null;1.7;null;0;R;null;instant;null;Flesh;0;0;26;0;0;null;0;0;0;0.6;0;205;0;1;0;0;null;20;ground;0;ground,structure,debris,air,item,ward;0;0;null;null;null;30;0;0;null;null;Rhla,Rhra,Rhri,Rhpm,Rguv;0;null;0;0;26;120;null;null;null;3;600;0;0;units\human\Footman\Footman.mdl;3;1;30;1;1;0;30;null;0;1;1;0;0;0;1900;0;0;0;null;0;null;Rifleman;0;1.45;205;步兵;Aihn;训练步兵(|cffffcc00R|r);非常适合于对付敌人的空中单位，还能获得长管火枪的升级。|n|n|cffffcc00能攻击地面和空中单位。|r;255;0;1;0;null;0;null;6;0;foot;0;0;1;999;1;null;3;800;0;21;0;0;270;null;0;0;1.5;0;100;0;400;0;0;50;10;0;3;null;0;0;0;null;1;0;small;1;0;null;0;Shadow;60;null;human;0;null;0;1400;0;0;0;1;0;hbla;null;0;null;0;null;null;0;255;0;0;240;0.15;null;0;0;0;always;null;60;null;null;hrif;unit
h006;0.17;120;0;0;pierce;null;0;0;normal;0.51;null;0.25;Objects\Spawnmodels\Human\HumanLargeDeathExplode\HumanLargeDeathExplode.mdl;10;0;0;null;50;1;0;0;0;2;60;0;0;250;20;0;240;0;3;2;-1;3750;0.3;0;10;0;ReplaceableTextures\CommandButtons\BTNRifleman.blp;1;0;6;0;*;Abilities\Weapons\Rifle\RifleImpact.mdl;0;0.7;null;255;0;1;null;0;null;0;null;0;null;null;null;1.7;null;0;R;null;instant;null;Flesh;0;0;26;0;0;null;0;0;0;0.6;0;205;0;1;0;0;null;20;ground;0;ground,structure,debris,air,item,ward;0;0;null;null;null;30;0;0;null;null;Rhla,Rhra,Rhri,Rhpm,Rguv;0;null;0;0;26;120;null;null;null;3;600;0;0;units\undead\Tichondrius\Tichondrius.mdl;3;1;30;1;1;0;30;null;0;1;1;0;0;0;1900;0;0;0;null;0;null;Rifleman;0;1;205;巴纳泽尔;Aihn;训练巴纳泽尔(|cffffcc00R|r);非常适合于对付敌人的空中单位，还能获得长管火枪的升级。|n|n|cffffcc00能攻击地面和空中单位。|r;255;0;1;0;null;0;null;5;0;foot;0;0;1;999;1;null;3;800;0;22;0;0;270;null;0;0;1.5;0;100;0;400;0;0;50;10;0;3;null;0;0;0;null;1;0;medium;1;0;null;0;Shadow;60;null;human;0;null;0;1400;0;0;0;1;0;hbla;null;0;null;0;null;null;0;255;0;0;240;0.15;null;0;0;0;always;null;60;null;null;hrif;unit
h007;0.17;120;0;0;pierce;null;0;0;normal;0.51;null;0.25;Objects\Spawnmodels\Human\HumanLargeDeathExplode\HumanLargeDeathExplode.mdl;10;0;0;null;50;1;0;0;0;2;60;0;0;250;20;0;240;0;3;2;-1;4500;0.3;0;10;0;ReplaceableTextures\CommandButtons\BTNRifleman.blp;1;0;6;0;*;Abilities\Weapons\Rifle\RifleImpact.mdl;0;0.7;null;255;0;1;null;0;null;0;null;0;null;null;null;1.7;null;0;R;null;instant;null;Flesh;0;0;26;0;0;null;0;0;0;0.6;0;205;0;1;0;0;null;20;ground;0;ground,structure,debris,air,item,ward;0;0;null;null;null;30;0;0;null;null;Rhla,Rhra,Rhri,Rhpm,Rguv;0;null;0;0;26;120;null;null;null;3;600;0;0;units\nightelf\Vengeance\Vengeance.mdl;3;1;30;1;1;0;30;null;0;1;1;0;0;0;1900;0;0;0;null;0;null;Rifleman;0;1;205;复仇之魂;Aihn;训练复仇之魂(|cffffcc00R|r);非常适合于对付敌人的空中单位，还能获得长管火枪的升级。|n|n|cffffcc00能攻击地面和空中单位。|r;255;0;1;0;null;0;null;7;0;foot;0;0;1;999;1;null;3;800;0;23;0;0;270;null;0;0;1.5;0;100;0;400;0;0;50;10;0;3;null;0;0;0;null;1;0;large;1;0;null;0;Shadow;60;null;human;0;null;0;1400;0;0;0;1;0;hbla;null;0;null;0;null;null;0;255;0;0;240;0.15;null;0;0;0;always;null;60;null;null;hrif;unit
h008;0.17;120;0;0;pierce;null;0;0;normal;0.51;null;0.25;Objects\Spawnmodels\Human\HumanLargeDeathExplode\HumanLargeDeathExplode.mdl;10;0;0;null;50;1;0;0;0;2;60;0;0;250;20;0;240;0;3;2;-1;5500;0.3;0;10;0;ReplaceableTextures\CommandButtons\BTNRifleman.blp;1;0;6;0;*;Abilities\Weapons\Rifle\RifleImpact.mdl;0;0.7;null;255;0;1;null;0;null;0;null;0;null;null;null;1.7;null;0;R;null;instant;null;Flesh;0;0;26;0;0;null;0;0;0;0.6;0;205;0;1;0;0;null;20;ground;0;ground,structure,debris,air,item,ward;0;0;null;null;null;30;0;0;null;null;Rhla,Rhra,Rhri,Rhpm,Rguv;0;null;0;0;26;120;null;null;null;3;600;0;0;units\human\Peasant\Peasant.mdl;3;1;30;1;1;0;30;null;0;1;1;0;0;0;1900;0;0;0;null;0;null;Rifleman;0;1;205;农民;Aihn;训练农民(|cffffcc00R|r);非常适合于对付敌人的空中单位，还能获得长管火枪的升级。|n|n|cffffcc00能攻击地面和空中单位。|r;255;0;1;0;null;0;null;5;0;foot;0;0;1;999;1;null;3;800;0;24;0;0;270;null;0;0;1.5;0;100;0;400;0;0;50;10;0;3;null;0;0;0;null;1;0;fort;1;0;null;0;Shadow;60;null;human;0;null;0;1400;0;0;0;1;0;hbla;null;0;null;0;null;null;0;255;0;0;240;0.15;null;0;0;0;always;null;60;null;null;hrif;unit
h009;0.8;180;0;0;pierce;null;0.87;0;pierce;0.5;null;0.25;null;25;44;0;null;90;1;450;0;0;2;20;0;0;250;25;0;200;11;4;2;-1;4000;0.3;0;33;0;ReplaceableTextures\CommandButtons\BTNGryphonRider.blp;1;0;7;0;*;Abilities\Weapons\GryphonRiderMissile\GryphonRiderMissile.mdl;0;0.87;null;255;0;1;null;0;null;0;null;0;null;null;null;1.67;missile;0;G;null;mline;ground,structure,enemy,debris;Flesh;0;0;45;0;0;null;0;0;0;0.4;2;280;0;0;-17;2.4;Abilities\Weapons\GryphonRiderMissile\GryphonRiderMissileTarget.mdl;50;air;0;ground,structure,debris,item,ward;0;0;null;null;null;30;0;240;null;null;Rhan,Rhla,Rhhb,Rhme,Rguv;0;medium;0.8;12;45;180;null;null;air;5;500;0;0;units\human\Gyrocopter\Gyrocopter_V1.mdl;3;11;70;1;1;0;70;null;0;3;1.5;0;0;0;1100;0;0;0;null;0;null;GryphonRider;0;1.2;280;飞行机器;Asth;训练飞行机器(|cffffcc00G|r);威力巨大的飞行单位，狮鹫上面骑乘着一个矮人族的锤手。能学到风暴战锤技能。|n|n|cffffcc00能攻击地面和空中单位。|r;255;0;1;0;null;0;null;10;0;fly;0;0;0;1000;1;null;0;900;0;25;0;0;320;null;1;0;2.2;250;100;0;450;50;0;90;50;0.2;3;null;0;0;0;null;1;230;fort;0;0;null;0;ShadowFlyer;33;null;human;1;null;0;1600;0;0;0;1;0;null;null;0;null;90;null;null;0.15;255;0;1;200;0.15;null;0;0;0;always;null;61;null;null;hgry;unit
n000;0;70;0;0;normal;null;0;0;normal;0.51;null;0;null;25;0;0;null;25;0;0;0;0;0;60;0;0;0;0;0;200;0;0;1;-1;100;0;0;25;0;ReplaceableTextures\CommandButtons\BTNDustOfAppearance.blp;1;0;0;0;*;null;0;0;null;255;0;1;null;0;null;0;null;0;null;null;null;0.94;null;0;null;null;null;null;Flesh;0;0;1;0;0;null;0;0;0;0;0;0;1;0;0;0;null;50;ward;0;null;0;1;null;null;null;0;0;0;null;null;null;0;null;0;0;1;70;null;null;null;0;0;0;0;Objects\InventoryItems\Rune\Rune.mdl;32;0;0;1;1;0;0;null;0;0;0.75;0;0;0;1500;0;0;0;null;0;null;GoblinLandMine;0;0.4;400;地雷大师;Amnx,Amin;训练地雷大师(|cffffcc00F|r);制造延迟爆炸的地雷来范围伤害。|r;255;0;1;0;null;0;null;0;0;foot;0;0;0;0;1;null;0;0;0;2;0;0;0;null;0;0;0;0;100;0;0;0;0;25;16;0;0;null;0;0;0;null;1;0;medium;0;0;null;0;Shadow;60;null;creeps;0;null;0;0;0;0;0;1;0;null;null;0;null;0;null;standon,ward;0;255;0;0;200;0.15;null;1500;0;0;none;null;60;null;null;nglm;unit
o000;0.3;0;0;0;magic;null;0;0;normal;0.51;null;0;Objects\Spawnmodels\Human\HCancelDeath\HCancelDeath.mdl;0;0;0;null;0;1;0;0;0;0;120;0;15;250;0;0;200;0;0;2;-1;500;0;0;0;0;ReplaceableTextures\CommandButtons\BTNPenguin.blp;1;0;0;0;*;Abilities\Spells\Other\FrostBolt\FrostBoltMissile.mdl;0;0.3;null;255;512;1;null;0;null;0;null;0;null;null;null;2.34;null;0;G;ShadowGuardTower;missile;null;Wood;0;0;55;0;0;null;0;0;0;0;4;110;0;0;0;0;null;50;structure;0;air,enemies,ground;0;0;OrcBuildingConstructionLoop;null;null;0;0;0;null;PathTextures\4x4SimpleSolid.tga;Rosp,Rorb,Rgfo;0;Alternate;0;0;1;0;null;null;null;1;900;0;0;units\critters\Penguin\Penguin.mdl;0;10;0;1;1;0;0;null;0;1;2.5;0;0;0;1800;0;0;0;unwalkable;0;null;WatchTower;0;2.25;8;灵魂行者;Abds,Arbr,Aspi;训练灵魂行者(|cffffcc00W|r);成本低廉可以用来构筑你的城墙。|r;255;0;1;0;buffer;0;null;3;0;null;0;0;1;0;1;null;2;800;0;1;0;0;0;null;0;0;0.6;0;6;0;700;0;0;0;72;0;0;null;0;0;0;null;1;0;large;3;0;null;1;null;135;null;orc;0;null;0;1600;0;0;0;1;512;null;o00I;0;null;0;null;Mechanical;0.15;255;0;0;200;0.15;null;0;0;0;none;OSMA;60;null;null;owtw;unit
o001;0.3;0;0;0;pierce;null;0;0;normal;0.51;null;0;Objects\Spawnmodels\Human\HCancelDeath\HCancelDeath.mdl;0;0;0;null;0;1;0;0;0;0;120;0;15;250;0;0;200;0;0;2;-1;500;0;0;0;0;ReplaceableTextures\CommandButtons\BTNBloodElfPeasant.blp;1;0;0;0;*;Abilities\Weapons\FaerieDragonMissile\FaerieDragonMissile.mdl;0;0.3;null;255;512;1;null;0;null;0;null;0;null;null;null;2.34;null;0;C;ShadowGuardTower;missile;null;Wood;0;0;55;0;0;null;0;0;0;0;4;110;0;0;0;0;null;50;structure;0;air,enemies,ground;0;0;OrcBuildingConstructionLoop;null;null;0;0;0;null;PathTextures\4x4SimpleSolid.tga;Rosp,Rorb,Rgfo;0;Alternate;0;0;1;0;null;null;null;1;900;0;0;units\critters\HighElfPeasant\HighElfPeasant.mdl;0;95;80;1;1;0;0;null;0;1;2.5;0;0;0;1800;0;0;0;unwalkable;0;null;WatchTower;0;1;175;高等精灵;Abds,Arbr,Aspi;训练高等精灵(|cffffcc00W|r);中级的伤害输出单位。永远不知疲倦。|r;255;0;1;0;buffer;0;null;3;0;null;0;0;3;0;1;null;2;800;0;1;0;0;0;null;0;0;0.6;0;131;0;900;0;0;0;72;0;0;null;0;0;0;null;1;0;large;3;0;null;1;null;135;null;orc;0;null;0;1600;0;0;0;1;512;null;o00I;0;null;0;null;Mechanical;0.15;255;0;0;200;0.15;null;0;0;0;none;OSMA;60;null;null;owtw;unit
o002;0.3;0;0;0;siege;null;0;0;normal;0.51;null;0;Objects\Spawnmodels\Human\HCancelDeath\HCancelDeath.mdl;0;0;0;null;0;1;0;0;0;0;120;0;15;250;0;0;200;0;0;2;-1;500;0;0;0;0;ReplaceableTextures\CommandButtons\BTNMortarTeam.blp;1;0;0;60;*;Abilities\Weapons\FragDriller\FragDriller.mdl;0;0.3;null;255;512;1;null;0;null;0;null;0;null;null;null;2.34;null;0;F;ShadowGuardTower;msplash;air,enemies,ground;Wood;0;0;55;0;0;null;0;0;0;0;4;110;0;0;0;0;null;50;structure;0;air,enemies,ground;0;0;OrcBuildingConstructionLoop;null;null;0;0;0;null;PathTextures\4x4SimpleSolid.tga;Rosp,Rorb,Rgfo;0;Alternate;0;0;1;0;null;null;null;1;900;0;0;units\human\MortarTeam\MortarTeam.mdl;0;60;80;1;1;0;0;null;0;1;2.5;0;0;0;1800;0;0;0;unwalkable;0;null;WatchTower;0;1;80;小炮;A005,Abds,Arbr,Aspi;训练小炮(|cffffcc00W|r);开启一扇黑暗之门，从中会走出各种各样的恶魔来为你效力。;255;0;1;0;buffer;0;null;3;30;null;45;0;2;0;1;null;2;800;0;1;0;0;0;null;0;0;0.5;0;60;0;800;0;0;0;72;0;0;null;0;0;0;null;1;0;large;3;0;null;1;null;135;null;orc;0;null;0;1600;0;0;0;1;512;null;o00I;0;null;0;null;Mechanical;0.15;255;0;0;200;0.15;null;0;0;0;none;OSMA;60;null;null;owtw;unit
o003;0.3;0;0;0;chaos;null;0;0;normal;0.51;null;0;Objects\Spawnmodels\Human\HCancelDeath\HCancelDeath.mdl;0;0;0;null;0;1;0;0;0;0;120;0;15;250;0;0;200;0;0;2;-1;500;0;0;0;0;ReplaceableTextures\CommandButtons\BTNHeroPaladin.blp;1;0;0;0;*;Abilities\Weapons\DemonHunterMissile\DemonHunterMissile.mdl;0;0.3;null;255;512;1;null;0;null;0;null;0;null;null;null;2.34;null;0;G;ShadowGuardTower;missile;null;Wood;0;0;55;0;0;null;0;0;0;0;4;110;0;0;0;0;null;50;structure;0;air,enemies,ground;0;0;OrcBuildingConstructionLoop;null;null;0;0;0;null;PathTextures\4x4SimpleSolid.tga;Rosp,Rorb,Rgfo;0;Alternate;0;0;1;0;null;null;null;1;4000;0;0;units\human\HeroPaladin\HeroPaladin.mdl;0;100;80;1;1;0;0;null;0;1;2.5;0;0;0;1800;0;0;0;unwalkable;0;null;WatchTower;0;1;350;马格罗斯守御者;Abds,Arbr,Aspi;训练马格罗斯守御者(|cffffcc00W|r);为了我的王国, 守卫家园!;255;0;1;0;buffer;0;null;3;0;null;0;0;3;547;1;null;2;800;0;1;0;0;0;null;0;0;0.7;0;338;0;4000;0;0;0;72;0;0;null;0;0;0;null;1;0;large;3;0;null;1;null;135;null;orc;0;null;0;1600;0;0;0;1;512;null;o00I;0;null;0;null;Mechanical;0.5;255;0;0;200;0.15;null;0;0;0;none;OSMA;60;null;null;owtw;unit
o004;0.3;0;0;0;siege;null;0.3;0;pierce;0.51;null;0;Objects\Spawnmodels\Human\HCancelDeath\HCancelDeath.mdl;0;422;0;null;0;1;1000;0;0;0;120;0;15;250;0;0;200;45;0;2;-1;500;0;0;0;0;ReplaceableTextures\CommandButtons\BTNVillagerKid.blp;1;0;0;150;*;abilities\weapons\catapult\catapultmissile.mdl;0;0.3;null;255;512;1;null;0;null;0;null;0;null;null;null;2.34;missile;0;F;ShadowGuardTower;msplash;enemies,ground,notself,organic;Stone;0;0;55;0;0;null;0;0;0;0;4;110;0;0;0;0.15;null;50;structure;0;enemies,ground;0;0;OrcBuildingConstructionLoop;null;null;0;0;0;null;PathTextures\4x4SimpleSolid.tga;Rosp,Rorb,Rgfo;0;Alternate;0.3;0;1;0;null;null;air;1;1000;0;0;units\critters\VillagerKid\VillagerKid.mdl;0;75;80;1;1;0;0;null;0;3;2.5;0;0;0;1800;0;0;0;unwalkable;0;RockHeavyBash;VillagerKid;0;1;350;散弹射手;A001;训练散弹射手(|cffffcc00W|r);装备了强力弹弓的散弹射手,是所有飞行单位的噩梦。;255;0;1;0;buffer;0;null;3;100;null;120;0;2;173;1;null;2;800;0;1;0;0;0;null;0;0;0.4;250;263;0;800;0;0;0;72;0;0;null;0;0;0;null;1;0;large;3;0;null;1;null;135;null;orc;3;null;0;1600;0;0;0;5;512;null;o00I;0;null;0;null;Mechanical;0.15;255;0;0;200;0.15;abilities\weapons\catapult\catapultmissile.mdl;2000;0;0.35;none;OSMA;60;null;RockHeavyBash;owtw;unit
o005;0.3;0;0;0;normal;null;0;0;normal;0.51;null;0;Objects\Spawnmodels\Human\HCancelDeath\HCancelDeath.mdl;0;0;0;null;0;1;0;0;0;0;120;0;15;250;0;0;200;0;0;2;-1;500;0;0;0;0;ReplaceableTextures\CommandButtons\BTNVillagerKid.blp;1;0;0;50;*;Objects\Spawnmodels\Demon\DemonBlood\DemonBloodPitlord.mdl;0;0.3;null;255;512;1;null;0;null;0;null;0;null;null;null;2.34;null;0;J;ShadowGuardTower;msplash;air,enemies,ground;Wood;0;0;55;0;0;null;0;0;0;0;4;110;0;0;0;0;null;50;structure;0;air,enemies,ground;0;0;OrcBuildingConstructionLoop;null;null;0;0;0;null;PathTextures\4x4SimpleSolid.tga;Rosp,Rorb,Rgfo;0;Alternate;0;0;1;0;null;null;null;1;900;0;0;units\critters\VillagerKid\VillagerKid.mdl;0;3;80;1;1;0;0;null;0;1;2.5;0;0;0;1800;0;0;0;unwalkable;0;null;VillagerKid;0;1;10;小孩;Abds,Arbr,Aspi;训练小孩(|cffffcc00W|r);乖巧的小孩, 是帮助你控制敌人行走的好帮手。;255;0;1;0;buffer;0;null;3;30;null;40;0;1;5;1;null;2;800;0;1;0;0;0;null;0;0;0.6;0;7;0;750;0;0;0;72;0;0;null;0;0;0;null;1;0;large;3;0;null;1;null;135;null;orc;0;null;0;1600;0;0;0;1;512;null;o00I;0;null;0;null;Mechanical;0.15;255;0;0;200;0.15;null;0;0;0;none;OSMA;60;null;null;owtw;unit
o006;0.6;180;0;0;pierce;null;0;0;normal;0.51;null;0.25;null;0;0;0;null;90;1;0;0;0;2;20;0;0;250;25;0;200;0;4;2;-1;105;0.3;0;33;0;ReplaceableTextures\CommandButtons\BTNHarpy.blp;1;0;7;0;*;abilities\weapons\WyvernSpear\WyvernSpearMissile.mdl;0;0.54;null;255;0;1;null;0;null;0;null;0;null;null;null;2.1;null;0;W;null;missile;null;Flesh;0;0;35;0;0;null;0;0;0;0.4;2;265;0;0;30;0;null;100;air;0;ground,structure,debris,air,item,ward;0;0;null;null;null;30;0;240;null;null;Roar,Rora,Rovs,Rguv;0;medium;0;-35;35;180;null;null;null;4;650;0;0;units\creeps\Harpy\Harpy.mdl;3;5;40;1;1;0;40;null;0;1;1.75;0;0;0;1200;0;0;0;null;0;null;WyvernRider;0;1;265;女妖;Aven;训练女妖(|cffffcc00W|r);一种高度机动的飞行单位。特别擅长于侦察。能获得浸毒武器的升级。|n|n|cffffcc00能攻击地面和空中单位。|r;255;0;1;0;null;0;null;5;0;fly;0;0;0;1000;1;null;0;800;0;2;0;0;350;null;1;0;2;0;100;0;450;0;0;90;50;0;3;null;0;0;0;null;1;230;none;2;0;null;0;ShadowFlyer;51;null;orc;0;null;0;1600;0;0;0;1;0;ofrt;null;0;null;90;null;null;0.15;255;0;1;200;0.15;null;0;0;0;always;null;61;null;null;owyv;unit
o007;0.33;140;0;0;normal;null;0;0;normal;0.51;null;0.25;Objects\Spawnmodels\Orc\OrcSmallDeathExplode\OrcSmallDeathExplode.mdl;10;0;0;null;60;1;0;0;0;0;60;0;0;250;20;0;240;0;3;3;-1;150;0.3;0;10;0;ReplaceableTextures\CommandButtons\BTNGrunt.blp;1;0;6;0;*;null;0;0.64;null;255;0;1;null;0;null;0;null;0;null;null;null;1.75;null;0;G;null;normal;null;Flesh;0;0;30;0;0;null;0;0;0;0.6;0;200;0;1;0;0;null;30;ground;0;ground,structure,debris,item,ward;0;0;null;null;null;30;0;0;null;null;Roar,Rome,Robs,Ropg,Ropm,Rguv;0;null;0;0;30;140;null;null;null;3;500;0;0;units\creeps\Zombie\Zombie.mdl;3;1;0;1;1;0;0;null;0;1;1;0;0;0;1500;0;0;0;null;0;null;Grunt;0;1.1;200;僵尸;Asal,Aion;训练僵尸(|cffffcc00G|r);基本的兽族地面单位。能得到狂暴力量的升级。|n|n|cffffcc00能攻击地面单位。|r;255;0;1;0;null;0;null;6;0;foot;0;0;1;999;1;null;3;800;0;2;0;0;270;null;5;0;1.6;0;100;0;100;0;0;60;10;0;3;null;0;0;0;null;1;0;fort;0;0;null;0;Shadow;60;null;orc;0;null;0;1400;0;0;0;1;0;null;null;0;null;0;null;null;0;255;0;0;240;0.15;null;1500;0;0;always;null;60;null;MetalMediumChop;ogru;unit
o008;0.33;140;0;0;normal;null;0;0;normal;0.51;null;0.25;Objects\Spawnmodels\Orc\OrcSmallDeathExplode\OrcSmallDeathExplode.mdl;10;0;0;null;60;1;0;0;0;0;60;0;0;250;20;0;240;0;3;3;-1;200;0.3;0;10;0;ReplaceableTextures\CommandButtons\BTNGrunt.blp;1;0;6;0;*;null;0;0.64;null;255;0;1;null;0;null;0;null;0;null;null;null;1.75;null;0;G;null;normal;null;Flesh;0;0;30;0;0;null;0;0;0;0.6;0;200;0;1;0;0;null;30;ground;0;ground,structure,debris,item,ward;0;0;null;null;null;30;0;0;null;null;Roar,Rome,Robs,Ropg,Ropm,Rguv;0;null;0;0;30;140;null;null;null;3;500;0;0;units\other\Dranai\Dranai.mdl;3;1;0;1;1;0;0;null;0;1;1;0;0;0;1500;0;0;0;null;0;null;Grunt;0;1.1;200;哨兵;Asal,Aion;训练哨兵(|cffffcc00G|r);基本的兽族地面单位。能得到狂暴力量的升级。|n|n|cffffcc00能攻击地面单位。|r;255;0;1;0;null;0;null;7;0;foot;0;0;1;999;1;null;3;800;0;2;0;0;270;null;5;0;1.6;0;100;0;100;0;0;60;10;0;3;null;0;0;0;null;1;0;normal;0;0;null;0;Shadow;60;null;orc;0;null;0;1400;0;0;0;1;0;null;null;0;null;0;null;null;0;255;0;0;240;0.15;null;1500;0;0;always;null;60;null;MetalMediumChop;ogru;unit
o009;0.33;140;0;0;normal;null;0;0;normal;0.51;null;0.25;Objects\Spawnmodels\Orc\OrcSmallDeathExplode\OrcSmallDeathExplode.mdl;10;0;0;null;60;1;0;0;0;0;60;0;0;250;20;0;240;0;3;3;-1;255;0.3;0;10;0;ReplaceableTextures\CommandButtons\BTNGrunt.blp;1;0;6;0;*;null;0;0.64;null;255;0;1;null;0;null;0;null;0;null;null;null;1.75;null;0;G;null;normal;null;Flesh;0;0;30;0;0;null;0;0;0;0.6;0;200;0;1;0;0;null;30;ground;0;ground,structure,debris,item,ward;0;0;null;null;null;30;0;0;null;null;Roar,Rome,Robs,Ropg,Ropm,Rguv;0;null;0;0;30;140;null;null;null;3;500;0;0;Units\Creeps\tuskar\tuskar.mdl;3;1;0;1;1;0;0;null;0;1;1;0;0;0;1500;0;0;0;null;0;null;Grunt;0;1.1;200;格斗者;Asal,Aion;训练格斗者(|cffffcc00G|r);基本的兽族地面单位。能得到狂暴力量的升级。|n|n|cffffcc00能攻击地面单位。|r;255;0;1;0;null;0;null;8;0;foot;0;0;1;999;1;null;3;800;0;2;0;0;270;null;5;0;1.6;0;100;0;100;0;0;60;10;0;3;null;0;0;0;null;1;0;small;0;0;null;0;Shadow;60;null;orc;0;null;0;1400;0;0;0;1;0;null;null;0;null;0;null;null;0;255;0;0;240;0.15;null;1500;0;0;always;null;60;null;MetalMediumChop;ogru;unit
o00A;0.33;140;0;0;normal;null;0;0;normal;0.51;null;0.25;Objects\Spawnmodels\Orc\OrcSmallDeathExplode\OrcSmallDeathExplode.mdl;10;0;0;null;60;1;0;0;0;0;60;0;0;250;20;0;240;0;3;3;-1;320;0.3;0;10;0;ReplaceableTextures\CommandButtons\BTNGrunt.blp;1;0;6;0;*;null;0;0.64;null;255;0;1;null;0;null;0;null;0;null;null;null;1.75;null;0;G;null;normal;null;Flesh;0;0;30;0;0;null;0;0;0;0.6;0;200;0;1;0;0;null;30;ground;0;ground,structure,debris,item,ward;0;0;null;null;null;30;0;0;null;null;Roar,Rome,Robs,Ropg,Ropm,Rguv;0;null;0;0;30;140;null;null;null;3;500;0;0;units\orc\Grunt\Grunt;3;1;0;1;1;0;0;null;0;1;1;0;0;0;1500;0;0;0;null;0;null;Grunt;0;1.1;200;加索克;Asal,Aion;训练加索克(|cffffcc00G|r);基本的兽族地面单位。能得到狂暴力量的升级。|n|n|cffffcc00能攻击地面单位。|r;255;0;1;0;null;0;null;9;0;foot;0;0;1;999;1;null;3;800;0;2;0;0;270;null;5;0;1.6;0;100;0;100;0;0;60;10;0;3;null;0;0;0;null;1;0;medium;0;0;null;0;Shadow;60;null;orc;0;null;0;1400;0;0;0;1;0;null;null;0;null;0;null;null;0;255;0;0;240;0.15;null;1500;0;0;always;null;60;null;MetalMediumChop;ogru;unit
o00B;0.33;140;0;0;normal;null;0;0;normal;0.51;null;0.25;Objects\Spawnmodels\Orc\OrcSmallDeathExplode\OrcSmallDeathExplode.mdl;10;0;0;null;60;1;0;0;0;0;60;0;0;250;20;0;240;0;3;3;-1;6000;0.3;0;10;0;ReplaceableTextures\CommandButtons\BTNGrunt.blp;1;0;6;0;*;null;0;0.64;null;255;0;1;null;0;null;0;null;0;null;null;null;1.75;null;0;G;null;normal;null;Flesh;0;0;30;0;0;null;0;0;0;0.6;0;200;0;1;0;0;null;30;ground;0;ground,structure,debris,item,ward;0;0;null;null;null;30;0;0;null;null;Roar,Rome,Robs,Ropg,Ropm,Rguv;0;null;0;0;30;140;null;null;null;3;500;0;0;units\undead\Banshee\Banshee.mdl;3;1;0;1;1;0;0;null;0;1;1;0;0;0;1500;0;0;0;null;0;null;Grunt;0;2.1;200;女妖;Asal,Aion;训练女妖(|cffffcc00G|r);基本的兽族地面单位。能得到狂暴力量的升级。|n|n|cffffcc00能攻击地面单位。|r;255;0;1;0;null;0;null;10;0;foot;0;0;1;999;1;null;3;800;0;2;0;0;270;null;5;0;1.6;0;100;0;100;0;0;60;10;0;3;null;0;0;0;null;1;0;hero;0;0;null;0;Shadow;60;null;orc;0;null;0;1400;0;0;0;1;0;null;null;0;null;0;null;null;0;255;0;0;240;0.15;null;1500;0;0;always;null;60;null;MetalMediumChop;ogru;unit
o00C;0.6;180;0;0;pierce;null;0;0;normal;0.51;null;0.25;null;0;0;0;null;90;1;0;0;0;2;20;0;0;250;25;0;200;0;4;2;-1;950;0.3;0;33;0;ReplaceableTextures\CommandButtons\BTNWyvernRider.blp;1;0;7;0;*;abilities\weapons\WyvernSpear\WyvernSpearMissile.mdl;0;0.54;null;255;0;1;null;0;null;0;null;0;null;null;null;2.1;null;0;W;null;missile;null;Flesh;0;0;35;0;0;null;0;0;0;0.4;2;265;0;0;30;0;null;100;air;0;ground,structure,debris,air,item,ward;0;0;null;null;null;30;0;240;null;null;Roar,Rora,Rovs,Rguv;0;medium;0;-35;35;180;null;null;null;4;650;0;0;units\orc\BatTroll\BatTroll.mdl;3;5;40;1;1;0;40;null;0;1;1.75;0;0;0;1200;0;0;0;null;0;null;WyvernRider;0;1;265;蝙蝠骑士;Aven;训练蝙蝠骑士(|cffffcc00W|r);一种高度机动的飞行单位。特别擅长于侦察。能获得浸毒武器的升级。|n|n|cffffcc00能攻击地面和空中单位。|r;255;0;1;0;null;0;null;5;0;fly;0;0;0;1000;1;null;0;800;0;2;0;0;350;null;1;0;2;0;100;0;450;0;0;90;50;0;3;null;0;0;0;null;1;230;large;2;0;null;0;ShadowFlyer;51;null;orc;0;null;0;1600;0;0;0;1;0;ofrt;null;0;null;90;null;null;0.15;255;0;1;200;0.15;null;0;0;0;always;null;61;null;null;owyv;unit
o00D;0.467;190;0;0;normal;null;0;0;normal;0.59;null;0.25;Objects\Spawnmodels\Orc\OrcLargeDeathExplode\OrcLargeDeathExplode.mdl;10;0;0;null;80;1;0;0;0;0;60;0;0;250;30;0;240;0;5;4;-1;7000;0.68;0;10;0;ReplaceableTextures\CommandButtons\BTNTauren.blp;1;0;8;0;*;null;0;0.863;null;255;0;1;null;0;null;0;null;0;null;null;null;3.14;null;0;T;null;normal;null;Flesh;0;0;50;0;0;null;0;0;0;0.5;0;280;0;1;0;0;null;50;ground;0;ground,structure,debris,item,ward;0;0;null;null;null;30;0;0;null;null;Roar,Rome,Rows,Ropm,Rguv;0;medium;0;0;44;190;null;null;null;5;500;0;0;units\creeps\HumanMage\HumanMage.mdl;3;1;80;1;1;0;80;null;0;1;1.6;0;0;0;1500;0;0;0;null;0;null;Tauren;0;1.1;280;使者;Awar,Aion;训练使者(|cffffcc00T|r);大型的单位，能学习到粉碎技能。|n|n|cffffcc00能攻击地面单位。|r;255;0;1;0;null;0;null;7;0;foot;0;0;1;999;1;null;3;800;0;2;0;0;270;null;4;0;1.9;0;100;0;100;0;0;80;10;0;3;null;0;0;0;null;1;0;normal;0;0;null;0;Shadow;60;null;orc;0;null;0;1400;0;0;0;1;0;otto;null;0;null;0;null;null;0;255;0;0;240;0.3;null;1500;0;0;always;null;60;null;WoodHeavyBash;otau;unit
o00E;0.467;190;0;0;normal;null;0;0;normal;0.59;null;0.25;Objects\Spawnmodels\Orc\OrcLargeDeathExplode\OrcLargeDeathExplode.mdl;10;0;0;null;80;1;0;0;0;0;60;0;0;250;30;0;240;0;5;4;-1;8500;0.68;0;10;0;ReplaceableTextures\CommandButtons\BTNTauren.blp;1;0;8;0;*;null;0;0.863;null;255;0;1;null;0;null;0;null;0;null;null;null;3.14;null;0;T;null;normal;null;Flesh;0;0;50;0;0;null;0;0;0;0.5;0;280;0;1;0;0;null;50;ground;0;ground,structure,debris,item,ward;0;0;null;null;null;30;0;0;null;null;Roar,Rome,Rows,Ropm,Rguv;0;medium;0;0;44;190;null;null;null;5;500;0;0;units\creeps\assassin\assassin.mdl;3;1;80;1;1;0;80;null;0;1;1.6;0;0;0;1500;0;0;0;null;0;null;Tauren;0;1.1;280;守望者;Awar,Aion;训练守望者(|cffffcc00T|r);大型的单位，能学习到粉碎技能。|n|n|cffffcc00能攻击地面单位。|r;255;0;1;0;null;0;null;6;0;foot;0;0;1;999;1;null;3;800;0;2;0;0;270;null;4;0;1.9;0;100;0;100;0;0;80;10;0;3;null;0;0;0;null;1;0;small;0;0;null;0;Shadow;60;null;orc;0;null;0;1400;0;0;0;1;0;otto;null;0;null;0;null;null;0;255;0;0;240;0.3;null;1500;0;0;always;null;60;null;WoodHeavyBash;otau;unit
o00F;0.467;190;0;0;normal;null;0;0;normal;0.59;null;0.25;Objects\Spawnmodels\Orc\OrcLargeDeathExplode\OrcLargeDeathExplode.mdl;10;0;0;null;80;1;0;0;0;0;60;0;0;250;30;0;240;0;5;4;-1;10000;0.68;0;10;0;ReplaceableTextures\CommandButtons\BTNTauren.blp;1;0;8;0;*;null;0;0.863;null;255;0;1;null;0;null;0;null;0;null;null;null;3.14;null;0;T;null;normal;null;Flesh;0;0;50;0;0;null;0;0;0;0.5;0;280;0;1;0;0;null;50;ground;0;ground,structure,debris,item,ward;0;0;null;null;null;30;0;0;null;null;Roar,Rome,Rows,Ropm,Rguv;0;medium;0;0;44;190;null;null;null;5;500;0;0;units\orc\Thrall\Thrall.mdl;3;1;80;1;1;0;80;null;0;1;1.6;0;0;0;1500;0;0;0;null;0;null;Tauren;0;1.1;280;萨尔;Awar,Aion;训练萨尔(|cffffcc00T|r);大型的单位，能学习到粉碎技能。|n|n|cffffcc00能攻击地面单位。|r;255;0;1;0;null;0;null;5;0;foot;0;0;1;999;1;null;3;800;0;2;0;0;270;null;4;0;1.9;0;100;0;100;0;0;80;10;0;3;null;0;0;0;null;1;0;medium;0;0;null;0;Shadow;60;null;orc;0;null;0;1400;0;0;0;1;0;otto;null;0;null;0;null;null;0;255;0;0;240;0.3;null;1500;0;0;always;null;60;null;WoodHeavyBash;otau;unit
o00G;0.467;190;0;0;normal;null;0;0;normal;0.59;null;0.25;Objects\Spawnmodels\Orc\OrcLargeDeathExplode\OrcLargeDeathExplode.mdl;10;0;0;null;80;1;0;0;0;0;60;0;0;250;30;0;240;0;5;4;-1;12000;0.68;0;10;0;ReplaceableTextures\CommandButtons\BTNTauren.blp;1;0;8;0;*;null;0;0.863;null;255;0;1;null;0;null;0;null;0;null;null;null;3.14;null;0;T;null;normal;null;Flesh;0;0;50;0;0;null;0;0;0;0.5;0;280;0;1;0;0;null;50;ground;0;ground,structure,debris,item,ward;0;0;null;null;null;30;0;0;null;null;Roar,Rome,Rows,Ropm,Rguv;0;medium;0;0;44;190;null;null;null;5;500;0;0;units\nightelf\DruidoftheClaw\DruidoftheClaw.mdl;3;1;80;1;1;0;80;null;0;1;1.6;0;0;0;1500;0;0;0;null;0;null;Tauren;0;1.1;280;利爪德鲁伊;Awar,Aion;训练利爪德鲁伊(|cffffcc00T|r);大型的单位，能学习到粉碎技能。|n|n|cffffcc00能攻击地面单位。|r;255;0;1;0;null;0;null;7;0;foot;0;0;1;999;1;null;3;800;0;2;0;0;270;null;4;0;1.9;0;100;0;100;0;0;80;10;0;3;null;0;0;0;null;1;0;large;0;0;null;0;Shadow;60;null;orc;0;null;0;1400;0;0;0;1;0;otto;null;0;null;0;null;null;0;255;0;0;240;0.3;null;1500;0;0;always;null;60;null;WoodHeavyBash;otau;unit
o00H;0.467;190;0;0;normal;null;0;0;normal;0.59;null;0.25;Objects\Spawnmodels\Orc\OrcLargeDeathExplode\OrcLargeDeathExplode.mdl;10;0;0;null;80;1;0;0;0;0;60;0;0;250;30;0;240;0;5;4;-1;50000;0.68;0;10;0;ReplaceableTextures\CommandButtons\BTNTauren.blp;1;0;8;0;*;null;0;0.863;null;100;0;1;null;0;null;0;null;0;null;null;null;3.14;null;0;T;null;normal;null;Flesh;0;0;50;0;0;null;0;0;0;0.5;0;280;0;1;0;0;null;50;ground;0;ground,structure,debris,item,ward;0;0;null;null;null;30;0;0;null;null;Roar,Rome,Rows,Ropm,Rguv;0;medium;0;0;44;190;null;null;null;5;500;0;0;units\demon\Kiljaeden\Kiljaeden.mdl;3;1;80;1;1;0;80;null;0;1;1.6;0;0;0;1500;0;0;0;null;0;null;Tauren;0;2.75;280;基尔加丹;Awar,Aion;训练基尔加丹(|cffffcc00T|r);大型的单位，能学习到粉碎技能。|n|n|cffffcc00能攻击地面单位。|r;255;0;1;0;null;0;null;10;0;foot;0;0;1;999;1;null;3;800;0;2;0;0;270;null;4;0;1.9;0;100;0;100;0;0;80;10;0;3;null;0;0;0;null;1;0;hero;0;0;null;0;Shadow;60;null;orc;0;null;0;1400;0;0;0;1;0;otto;null;0;null;0;null;null;0;255;0;0;240;0.3;null;1500;0;0;always;null;60;null;WoodHeavyBash;otau;unit
o00I;0.33;140;0;0;normal;null;0;0;normal;0.51;null;0.25;Objects\Spawnmodels\Orc\OrcSmallDeathExplode\OrcSmallDeathExplode.mdl;10;0;0;null;60;1;0;0;0;0;60;0;0;250;20;0;240;0;0;3;-1;1;0.3;0;10;0;ReplaceableTextures\CommandButtons\BTNPillage.blp;1;0;6;0;*;null;0;0.64;null;255;0;1;null;0;null;0;null;0;null;null;null;1.75;null;0;E;null;normal;null;Flesh;0;0;30;0;0;null;0;0;0;0.6;0;200;0;1;0;0;null;30;ground;0;ground,structure,debris,item,ward;0;0;null;null;null;30;0;0;null;null;Roar,Rome,Robs,Ropg,Ropm,Rguv;0;null;0;0;1;140;null;null;null;3;500;0;0;units\orc\Grunt\Grunt;3;4;0;1;1;0;0;null;0;1;1;0;0;0;1500;0;0;0;null;0;null;null;0;1.1;0;兽族步兵;Asal,Aion;训练兽族步兵(|cffffcc00T|r);小型的单位，能学习到粉碎技能。|n|n|cffffcc00能攻击地面单位。|r;255;0;1;0;null;0;null;1;0;foot;0;0;1;17;1;null;3;800;0;2;0;0;270;null;5;0;1.6;0;100;0;100;0;0;60;32;0;3;null;0;0;0;null;1;0;large;0;0;null;0;Shadow;60;null;orc;0;null;0;1400;0;0;0;1;0;null;null;0;null;0;null;null;0;255;0;0;240;0.15;null;1500;0;0;always;null;60;null;MetalMediumChop;ogru;unit
o00J;0.3;0;0;0;siege;null;0;0;normal;0.51;null;0;Objects\Spawnmodels\Human\HCancelDeath\HCancelDeath.mdl;0;0;0;null;0;1;0;0;0;0;120;0;15;250;0;0;200;0;0;2;-1;500;0;0;0;0;ReplaceableTextures\CommandButtons\BTNPandarenBrewmaster.blp;1;0;0;0;*;abilities\weapons\DemolisherMissile\DemolisherMissile.mdl;0;0.3;null;255;512;1;null;0;null;0;null;0;null;null;null;2.34;null;0;S;ShadowGuardTower;missile;null;Wood;0;0;55;0;0;null;0;0;0;0;4;110;0;0;0;0;null;50;structure;0;air,enemies,ground;0;0;OrcBuildingConstructionLoop;null;null;0;0;0;null;PathTextures\4x4SimpleSolid.tga;Rosp,Rorb,Rgfo;0;Alternate;0;0;1;0;null;null;null;1;3000;0;0;Units\Creeps\PandarenBrewmaster\PandarenBrewmaster.mdl;0;50;0;1;1;0;0;null;0;1;2.5;0;0;0;1800;0;0;0;unwalkable;0;null;WatchTower;0;1;200;熊猫酒仙;Abds,Arbr,Aspi;训练熊猫酒仙(|cffffcc00T|r);驱散荒芜之地。拥有很大的攻击范围。;255;0;1;0;buffer;0;null;3;0;null;0;0;1;299;1;null;2;800;0;1;0;0;0;null;0;0;0.55;0;168;0;3000;0;0;0;72;0;0;null;0;0;0;null;1;0;large;3;0;null;1;null;135;null;orc;0;null;0;1600;0;0;0;1;512;null;o00I;0;null;0;null;Mechanical;0.15;255;0;0;200;0.15;null;0;0;0;none;OSMA;60;null;null;owtw;unit
o00K;0.3;0;0;0;chaos;null;0;0;normal;0.51;null;0;Objects\Spawnmodels\Human\HCancelDeath\HCancelDeath.mdl;0;0;0;null;0;1;0;0;0;0;120;0;15;250;0;0;200;0;0;2;-1;500;0;0;0;0;ReplaceableTextures\CommandButtons\BTNHeroArchMage.blp;1;0;0;60;*;Abilities\Weapons\SpiritOfVengeanceMissile\SpiritOfVengeanceMissile.mdl;0;0.3;null;255;512;1;null;0;null;0;null;0;null;null;null;2.34;null;0;B;ShadowGuardTower;msplash;air,enemies,ground;Wood;0;0;55;0;0;null;0;0;0;0;4;110;0;0;0;0;null;50;structure;0;air,enemies,ground;0;0;OrcBuildingConstructionLoop;null;null;0;0;0;null;PathTextures\4x4SimpleSolid.tga;Rosp,Rorb,Rgfo;0;Alternate;0;0;1;0;null;null;null;1;10000;0;0;units\human\HeroArchMage\HeroArchMage.mdl;0;75;80;1;1;0;0;null;0;1;2.5;0;0;0;3000;0;0;0;unwalkable;0;null;WatchTower;0;1;800;大魔法师;Abds,Arbr,Aspi;训练大魔法师(|cffffcc01T|r);食物链最顶端, 超强攻击力以及无所不及的攻击范围。;255;0;1;0;buffer;0;null;3;20;null;40;0;3;747;1;null;2;800;0;1;1;0;0;null;0;0;0.17;0;900;0;10000;0;0;0;72;0;0;null;0;0;0;null;1;0;large;3;0;null;1;null;135;null;orc;0;null;0;1600;0;0;0;1;512;null;o00I;0;null;0;null;Mechanical;0.65;255;0;0;200;0.15;null;0;0;0;none;OSMA;60;null;null;owtw;unit
o00L;0.3;0;0;0;magic;null;0;0;normal;0.51;null;0;Objects\Spawnmodels\Human\HCancelDeath\HCancelDeath.mdl;0;0;0;null;0;1;0;0;0;0;120;0;15;250;0;0;200;0;0;2;-1;500;0;0;0;0;ReplaceableTextures\CommandButtons\BTNSasquatchShaman.blp;1;0;0;0;*;Abilities\Spells\Items\AIso\AIsoTarget.mdl;0;0.3;null;255;512;1;null;0;null;0;null;0;null;null;null;2.34;null;0;C;ShadowGuardTower;missile;null;Wood;0;0;55;0;0;null;0;0;0;0;4;110;0;0;0;0;null;50;structure;0;air,enemies,ground;0;0;OrcBuildingConstructionLoop;null;null;0;0;0;null;PathTextures\4x4SimpleSolid.tga;Rosp,Rorb,Rgfo;0;Alternate;0;0;1;0;null;null;null;1;2000;0;0;units\creeps\SasquatchShaman\SasquatchShaman.mdl;0;30;0;1;1;0;0;null;0;1;2.5;0;0;0;1800;0;0;0;unwalkable;0;null;WatchTower;0;1;120;野人长者;A003;训练野人长者(|cffffcc02T|r);跳起野性之舞 增加附近单位的攻击力。|r;255;0;1;0;buffer;0;null;3;0;null;0;0;1;79;1;null;2;800;0;1;0;0;0;null;0;0;0.5;0;94;0;2000;0;0;0;72;0;0;A003;0;0;0;null;1;0;large;3;0;null;1;null;135;null;orc;0;null;0;1600;0;0;0;1;512;null;o00I;0;null;0;null;Mechanical;0.15;255;0;0;200;0.15;null;0;0;0;none;OSMA;60;null;null;owtw;unit
o00M;0.3;0;0;0;normal;null;0;0;normal;0.51;null;0;Objects\Spawnmodels\Human\HCancelDeath\HCancelDeath.mdl;0;0;0;null;0;1;0;0;0;0;120;0;15;250;0;0;200;0;0;2;-1;500;0;0;0;0;ReplaceableTextures\CommandButtons\BTNPeon.blp;1;0;0;0;*;Abilities\Weapons\GuardTowerMissile\GuardTowerMissile.mdl;0;0.3;null;255;512;1;null;0;null;0;null;0;null;null;null;2.34;null;0;J;ShadowGuardTower;missile;null;Wood;0;0;55;0;0;null;0;0;0;0;4;110;0;0;0;0;null;50;structure;0;air,enemies,ground;0;0;OrcBuildingConstructionLoop;null;null;0;0;0;null;PathTextures\4x4SimpleSolid.tga;Rosp,Rorb,Rgfo;0;Alternate;0;0;1;0;null;null;null;1;1200;0;0;units\orc\Peon\Peon.mdl;0;4;80;1;1;0;0;null;0;1;2.5;0;0;0;1800;0;0;0;unwalkable;0;null;WatchTower;0;1;10;初级狙击手;Abds,Arbr,Aspi;建造初级狙击手;虽然是初级的，但是已经打的很远;255;0;1;0;buffer;0;null;3;0;null;0;0;1;5;1;null;2;800;0;1;0;0;0;null;0;0;0.6;0;7;0;1200;0;0;0;72;0;0;null;0;0;0;null;1;0;large;3;0;null;1;null;135;null;orc;0;null;0;1600;0;0;0;1;512;null;o00I;0;null;0;null;Mechanical;0.15;255;0;0;200;0.15;null;0;0;0;none;OSMA;60;null;null;owtw;unit
o00N;0.3;0;0;0;siege;null;0;0;normal;0.51;null;0;Objects\Spawnmodels\Human\HCancelDeath\HCancelDeath.mdl;0;0;0;null;0;0;0;0;0;0;120;0;15;250;0;0;200;0;0;2;-1;500;0;0;0;0;ReplaceableTextures\CommandButtons\BTNZombie.blp;1;0;0;50;*;units\human\WarWagon\WarWagon_V1.mdl;0;0.3;null;255;512;1;null;0;null;0;null;0;null;null;null;2.34;null;0;D;ShadowGuardTower;msplash;air,enemies,ground;Wood;0;0;55;0;0;null;0;0;0;0;4;110;0;0;0;0;null;50;structure;0;air,enemies,ground;0;0;OrcBuildingConstructionLoop;null;null;0;0;0;null;PathTextures\4x4SimpleSolid.tga;Rosp,Rorb,Rgfo;0;Alternate;0;0;1;0;null;null;null;1;1200;0;0;units\creeps\Zombie\Zombie.mdl;0;16;80;1;1;0;0;null;0;1;2.5;0;0;0;1800;0;0;0;unwalkable;0;null;WatchTower;0;1;60;开坦克的狙击手;A004;建造开坦克的狙击手;这个狙击手不一般，居然会开坦克撞别人;255;0;1;0;buffer;0;null;3;20;null;35;0;1;19;1;null;2;800;0;1;1;0;0;null;0;0;0.57;0;45;0;1200;0;0;0;72;0;0;null;0;0;0;null;1;0;large;3;0;null;1;null;135;null;orc;0;null;0;1600;0;0;0;1;512;null;o00I;0;null;0;null;Mechanical;0.15;255;0;0;200;0.15;null;0;0;0;none;OSMA;60;null;null;owtw;unit
o00O;0.3;0;0;0;normal;null;0;0;normal;0.51;null;0;Objects\Spawnmodels\Human\HCancelDeath\HCancelDeath.mdl;0;0;0;null;0;1;0;0;0;0;120;0;15;250;0;0;200;0;0;2;-1;500;0;0;0;0;ReplaceableTextures\CommandButtons\BTNWendigo.blp;1;0;0;0;*;Abilities\Weapons\BrewmasterMissile\BrewmasterMissile.mdl;0;0.3;null;50;512;1;null;0;null;0;null;0;null;null;null;2.34;null;0;J;ShadowGuardTower;missile;null;Wood;0;0;55;0;0;null;0;0;0;0;4;110;0;0;0;0;null;50;structure;0;air,enemies,ground;0;0;OrcBuildingConstructionLoop;null;null;0;0;0;null;PathTextures\4x4SimpleSolid.tga;Rosp,Rorb,Rgfo;0;Alternate;0;0;1;0;null;null;null;1;800;0;0;units\creeps\Wendigo\Wendigo.mdl;0;70;80;1;1;0;0;null;0;1;2.5;0;0;0;1800;0;0;0;unwalkable;0;null;WatchTower;0;1;40;中级靠不住家伙;Abds,Arbr,Aspi;建造中级靠不住家伙;比初级更加靠不住;50;0;1;0;buffer;0;null;3;0;null;0;0;1;0;1;null;2;800;0;1;0;0;0;null;0;0;0.4;0;30;0;800;0;0;0;72;0;0;null;0;0;0;null;1;0;large;3;0;null;1;null;135;null;orc;0;null;0;1600;0;0;0;1;512;null;o00I;0;null;0;null;Mechanical;0.15;50;0;0;200;0.15;null;0;0;0;none;OSMA;60;null;null;owtw;unit
o00P;0.3;0;0;0;normal;null;0;0;normal;0.51;null;0;Objects\Spawnmodels\Human\HCancelDeath\HCancelDeath.mdl;0;0;0;null;0;1;0;0;0;0;120;0;15;250;0;0;200;0;0;2;-1;500;0;0;0;0;ReplaceableTextures\CommandButtons\BTNHeroDreadLord.blp;1;0;0;0;*;Abilities\Weapons\SkeletalMageMissile\SkeletalMageMissile.mdl;0;0.3;null;255;512;1;null;0;null;0;null;0;null;null;null;2.34;null;0;E;ShadowGuardTower;missile;null;Wood;0;0;55;0;0;null;0;0;0;0;4;110;0;0;0;0;null;50;structure;0;air,enemies,ground;0;0;OrcBuildingConstructionLoop;null;null;0;0;0;null;PathTextures\4x4SimpleSolid.tga;Rosp,Rorb,Rgfo;0;Alternate;0;0;1;0;null;null;null;1;1000;0;0;units\undead\HeroDreadLord\HeroDreadLord.mdl;0;100;80;1;1;0;0;null;0;1;2.5;0;0;0;1800;0;0;0;unwalkable;0;null;WatchTower;0;1;400;靠不住二当家;Abds,Arbr,Aspi;建造靠不住二当家;这个家伙已经是头目了， 实力有了质的飞跃， 不过依然靠不住;255;0;1;0;buffer;0;null;3;0;null;0;0;14;0;1;null;2;800;0;1;0;0;0;null;0;0;0.4;0;300;0;1000;0;0;0;72;0;0;null;0;0;0;null;1;0;large;3;0;null;1;null;135;null;orc;0;null;0;1600;0;0;0;1;512;null;o00I;0;null;0;null;Mechanical;0.15;255;0;0;200;0.15;null;0;0;0;none;OSMA;60;null;null;owtw;unit
o00Q;0.3;0;0;0;chaos;null;0;0;normal;0.51;null;0;Objects\Spawnmodels\Human\HCancelDeath\HCancelDeath.mdl;0;0;0;null;0;1;0;0;0;0;120;0;15;250;0;0;200;0;0;2;-1;500;0;0;0;0;ReplaceableTextures\CommandButtons\BTNBanditLord.blp;1;0;0;150;*;Abilities\Weapons\LordofFlameMissile\LordofFlameMissile.mdl;0;0.3;null;255;512;1;null;0;null;0;null;0;null;null;null;2.34;null;0;B;ShadowGuardTower;msplash;air,enemies,ground;Wood;0;0;55;0;0;null;0;0;0;0;4;110;0;0;0;0;null;50;structure;0;air,enemies,ground;0;0;OrcBuildingConstructionLoop;null;null;0;0;0;null;PathTextures\4x4SimpleSolid.tga;Rosp,Rorb,Rgfo;0;Alternate;0;0;1;0;null;null;null;1;1500;0;0;units\creeps\BanditLord\BanditLord.mdl;0;100;80;1;1;0;0;null;0;1;2.5;0;0;0;1800;0;0;0;unwalkable;0;null;WatchTower;0;1;800;靠不住大当家;Abds,Arbr,Aspi;建造靠不住大当家;靠不住家族最强者，发挥好的时候伤害爆炸， 在发挥差的时候嘛。。。;255;0;1;0;buffer;0;null;3;0;null;40;0;20;0;1;null;2;800;0;1;0;0;0;null;0;0;0.4;0;600;0;1500;0;0;0;72;0;0;null;0;0;0;null;1;0;large;3;0;null;1;null;135;null;orc;0;null;0;1600;0;0;0;1;512;null;o00I;0;null;0;null;Mechanical;0.15;255;0;0;200;0.15;null;0;0;0;none;OSMA;60;null;null;owtw;unit
o00R;0.3;0;0;0;normal;null;0;0;normal;0.51;null;0;Objects\Spawnmodels\Human\HCancelDeath\HCancelDeath.mdl;0;0;0;null;0;1;0;0;0;0;120;0;15;250;0;0;200;0;0;2;-1;500;0;0;0;0;ReplaceableTextures\CommandButtons\BTNShaman.blp;1;0;0;75;*;Abilities\Weapons\MeatwagonMissile\MeatwagonMissile.mdl;0;0.3;null;50;512;1;null;0;null;0;null;0;null;null;null;2.34;null;0;N;ShadowGuardTower;missile;air,enemies,ground,notself,organic;Wood;0;0;55;0;0;null;0;0;0;0;4;110;0;0;0;0;null;50;structure;0;air,enemies,ground;0;0;OrcBuildingConstructionLoop;null;null;0;0;0;null;PathTextures\4x4SimpleSolid.tga;Rosp,Rorb,Rgfo;0;Alternate;0;0;1;0;null;null;null;1;800;0;0;units\orc\Shaman\Shaman.mdl;0;39;80;1;1;0;0;null;0;1;2.5;0;0;0;1800;0;0;0;unwalkable;0;null;WatchTower;0;1;40;打架菜鸟;Abds,Arbr,Aspi;建造打架菜鸟;正在努力学习打架中;50;0;1;0;buffer;0;null;3;55;null;60;0;1;1;1;null;2;800;0;1;0;0;0;null;0;0;0.4;0;30;0;800;0;0;0;72;0;0;null;0;0;0;null;1;0;large;3;0;null;1;null;135;null;orc;0;null;0;1600;0;0;0;1;512;null;o00I;0;null;0;null;Mechanical;0.15;50;0;0;200;0.15;null;0;0;0;none;OSMA;60;null;null;owtw;unit
o00S;0.3;0;0;0;siege;null;0;0;normal;0.51;null;0;Objects\Spawnmodels\Human\HCancelDeath\HCancelDeath.mdl;0;0;0;null;0;1;0;0;0;0;120;0;15;250;0;0;200;0;0;2;-1;500;0;0;0;0;ReplaceableTextures\CommandButtons\BTNKobold.blp;1;0;0;90;*;abilities\weapons\catapult\catapultmissile.mdl;0;0.3;null;255;512;1;null;0;null;0;null;0;null;null;null;2.34;null;0;F;ShadowGuardTower;msplash;air,enemies,ground;Wood;0;0;55;0;0;null;0;0;0;0;4;110;0;0;0;0;null;50;structure;0;air,enemies,ground;0;0;OrcBuildingConstructionLoop;null;null;0;0;0;null;PathTextures\4x4SimpleSolid.tga;Rosp,Rorb,Rgfo;0;Alternate;0;0;1;0;null;null;null;1;900;0;0;Units\Critters\Shoveler\Shoveler.mdl;0;1;80;1;1;0;0;null;0;1;2.5;0;0;0;1800;0;0;0;unwalkable;0;null;WatchTower;0;1;80;烂泥糊不上墙;Abds,Arbr,Aspi;建造烂泥糊不上墙;依然在努力学习打群架。。;255;0;1;0;buffer;0;null;3;75;null;80;0;1;59;1;null;2;800;0;1;0;0;0;null;0;0;0.5;0;60;0;800;0;0;0;72;0;0;null;0;0;0;null;1;0;large;3;0;null;1;null;135;null;orc;0;null;0;1600;0;0;0;1;512;null;o00I;0;null;0;null;Mechanical;0.15;255;0;0;200;0.15;null;0;0;0;none;OSMA;60;null;null;owtw;unit
o00T;0.3;0;0;0;normal;null;0;0;normal;0.51;null;0;Objects\Spawnmodels\Human\HCancelDeath\HCancelDeath.mdl;0;0;0;null;0;1;0;0;0;0;120;0;15;250;0;0;200;0;0;2;-1;500;0;0;0;0;ReplaceableTextures\CommandButtons\BTNHeroBloodElfPrince.blp;1;0;0;50;*;Abilities\Weapons\WingedSerpentMissile\WingedSerpentMissile.mdl;0;0.3;null;255;512;1;null;0;null;0;null;0;null;null;null;2.34;null;0;T;ShadowGuardTower;msplash;air,enemies,ground;Wood;0;0;55;0;0;null;0;0;0;0;4;110;0;0;0;0;null;50;structure;0;air,enemies,ground;0;0;OrcBuildingConstructionLoop;null;null;0;0;0;null;PathTextures\4x4SimpleSolid.tga;Rosp,Rorb,Rgfo;0;Alternate;0;0;1;0;null;null;null;1;900;0;0;units\human\HeroBloodElf\HeroBloodElf.mdl;0;3;80;1;1;0;0;null;0;1;2.5;0;0;0;1800;0;0;0;unwalkable;0;null;Peasant;0;1;10;减速菜鸟;A00C,Abds,Arbr,Aspi;建造减速菜鸟;虽然是菜鸟，已经学会了基本的减速技能;255;0;1;0;buffer;0;null;3;30;null;40;0;1;20;1;null;2;800;0;1;0;0;0;null;0;0;2;0;7;0;750;0;0;0;72;0;0;null;0;0;0;null;1;0;large;3;0;null;1;null;135;null;orc;0;null;0;1600;0;0;0;1;512;null;o00I;0;null;0;null;Mechanical;0.15;255;0;0;200;0.15;null;0;0;0;none;OSMA;60;null;null;owtw;unit
o00U;0.3;0;0;0;normal;null;0;0;normal;0.51;null;0;Objects\Spawnmodels\Human\HCancelDeath\HCancelDeath.mdl;0;0;0;null;0;1;0;0;0;0;120;0;15;250;0;0;200;0;0;2;-1;500;0;0;0;0;ReplaceableTextures\CommandButtons\BTNOrcWarlock.blp;1;0;0;0;*;Abilities\Spells\Undead\PlagueCloud\PlagueCloudCaster.mdl;0;0.3;null;50;512;1;null;0;null;0;null;0;null;null;null;2.34;null;0;U;ShadowGuardTower;missile;null;Wood;0;0;55;0;0;null;0;0;0;0;4;110;0;0;0;0;null;50;structure;0;air,enemies,ground;0;0;OrcBuildingConstructionLoop;null;null;0;0;0;null;PathTextures\4x4SimpleSolid.tga;Rosp,Rorb,Rgfo;0;Alternate;0;0;1;0;null;null;null;1;800;0;0;units\creeps\OrcWarlock\OrcWarlock.mdl;0;1;80;1;1;0;0;null;0;1;2.5;0;0;0;1800;0;0;0;unwalkable;0;null;HeadHunter;0;1;50;不洗澡的人;A006,Abds,Arbr,Aspi;建造不洗澡的人;常年不洗澡，通过气味伤害周围的敌人;50;0;1;0;buffer;0;null;3;0;null;0;0;1;59;1;null;2;800;0;1;0;0;0;null;0;0;0.4;0;30;0;800;0;0;0;72;0;0;null;0;0;0;null;1;0;large;3;0;null;1;null;135;null;orc;0;null;0;1600;0;0;0;1;512;null;o00I;0;null;0;null;Mechanical;0.15;50;0;0;200;0.15;null;0;0;0;none;OSMA;60;null;null;owtw;unit
o00V;0.3;0;0;0;pierce;null;0;0;normal;0.51;null;0;Objects\Spawnmodels\Human\HCancelDeath\HCancelDeath.mdl;0;0;0;null;0;1;0;0;0;0;120;0;15;250;0;0;200;0;0;2;-1;500;0;0;0;0;ReplaceableTextures\CommandButtons\BTNGrunt.blp;1;0;0;0;*;Abilities\Weapons\Banditmissile\Banditmissile.mdl;0;0.3;null;255;512;1;null;0;null;0;null;0;null;null;null;2.34;null;0;D;ShadowGuardTower;missile;null;Wood;0;0;55;0;0;null;0;0;0;0;4;110;0;0;0;0;null;50;structure;0;air,enemies,ground;0;0;OrcBuildingConstructionLoop;null;null;0;0;0;null;PathTextures\4x4SimpleSolid.tga;Rosp,Rorb,Rgfo;0;Alternate;0;0;1;0;null;null;null;1;900;0;0;units\orc\Grunt\Grunt.mdl;0;1;80;1;1;0;0;null;0;1;2.5;0;0;0;1800;0;0;0;unwalkable;0;null;WatchTower;0;1;175;多面手;A00C,A007,Abds,Arbr,Aspi;建造多面手;不止会减速，还会加速友军的多面手;255;0;1;0;buffer;0;null;3;0;null;0;0;1;59;1;null;2;800;0;1;0;0;0;null;0;0;0.6;0;131;0;900;0;0;0;72;0;0;null;0;0;0;null;1;0;large;3;0;null;1;null;135;null;orc;0;null;0;1600;0;0;0;1;512;null;o00I;0;null;0;null;Mechanical;0.15;255;0;0;200;0.15;null;0;0;0;none;OSMA;60;null;null;owtw;unit
o00W;0.3;0;0;0;normal;null;0;0;normal;0.51;null;0;Objects\Spawnmodels\Human\HCancelDeath\HCancelDeath.mdl;0;0;0;null;0;1;0;0;0;0;120;0;15;250;0;0;200;0;0;2;-1;500;0;0;0;0;ReplaceableTextures\CommandButtons\BTNNightElfRunner.blp;1;0;0;0;*;.mdl;0;0.3;null;255;512;1;null;0;null;0;null;0;null;null;null;2.34;null;0;L;ShadowGuardTower;normal;null;Wood;0;0;55;0;0;null;0;0;0;0;4;110;0;0;0;0;null;50;structure;0;air,enemies,ground;0;0;OrcBuildingConstructionLoop;null;null;0;0;0;null;PathTextures\4x4SimpleSolid.tga;Rosp,Rorb,Rgfo;0;Alternate;0;0;1;0;null;null;null;1;500;0;0;units\nightelf\Runner\Runner.mdl;0;1;0;1;1;0;0;null;0;1;2.5;0;0;0;1800;0;0;0;unwalkable;0;null;WatchTower;0;1;120;近战格斗家;A00C;建造近战格斗家;通过近战格斗，打折敌人的腿，减慢敌人速度， 注意只能近战;255;0;1;0;buffer;0;null;3;0;null;0;0;1;64;1;null;2;800;0;1;0;0;0;null;0;0;0.3;0;94;0;100;0;0;0;72;0;0;A003;0;0;0;null;1;0;large;3;0;null;1;null;135;null;orc;0;null;0;1600;0;0;0;1;512;null;o00I;0;null;0;null;Mechanical;0.15;255;0;0;200;0.15;null;0;0;0;none;OSMA;60;null;null;owtw;unit
o00X;0.3;0;0;0;siege;null;0;0;normal;0.51;null;0;Objects\Spawnmodels\Human\HCancelDeath\HCancelDeath.mdl;0;0;0;null;0;1;0;0;0;0;120;0;15;250;0;0;200;0;0;2;-1;500;0;0;0;0;ReplaceableTextures\CommandButtons\BTNFurion.blp;1;0;0;0;*;units\critters\Penguin\Penguin.mdl;0;0.3;null;255;512;1;null;0;null;0;null;0;null;null;null;2.34;null;0;E;ShadowGuardTower;missile;null;Wood;0;0;55;0;0;null;0;0;0;0;4;110;0;0;0;0;null;50;structure;0;air,enemies,ground;0;0;OrcBuildingConstructionLoop;null;null;0;0;0;null;PathTextures\4x4SimpleSolid.tga;Rosp,Rorb,Rgfo;0;Alternate;0;0;1;0;null;null;null;1;1000;0;0;units\nightelf\MalFurion\MalFurionNoStag.mdl;0;1;80;1;1;0;0;null;0;1;2.5;0;0;0;1800;0;0;0;unwalkable;0;null;WatchTower;0;1;400;输出选手;Abds,Arbr,Aspi;建造输出选手;减速的目的是什么，打死敌人。;255;0;1;0;buffer;0;null;3;0;null;0;0;1;479;1;null;2;800;0;1;0;0;0;null;0;0;0.4;0;300;0;1000;0;0;0;72;0;0;null;0;0;0;null;1;0;large;3;0;null;1;null;135;null;orc;0;null;0;1600;0;0;0;1;512;null;o00I;0;null;0;null;Mechanical;0.15;255;0;0;200;0.15;null;0;0;0;none;OSMA;60;null;null;owtw;unit
o00Y;0.3;0;0;0;pierce;null;0;0;normal;0.51;null;0;Objects\Spawnmodels\Human\HCancelDeath\HCancelDeath.mdl;0;0;0;null;0;1;0;0;0;0;120;0;15;250;0;0;200;0;0;2;-1;500;0;0;0;0;ReplaceableTextures\CommandButtons\BTNIceTrollBeserker.blp;1;0;0;0;*;Abilities\Weapons\VoidWalkerMissile\VoidWalkerMissile.mdl;0;0.3;null;255;512;1;null;0;null;0;null;0;null;null;null;2.34;null;0;N;ShadowGuardTower;missile;air,enemies,ground;Wood;0;0;55;0;0;null;0;0;0;0;4;110;0;0;0;0;null;50;structure;0;air,enemies,ground;0;0;OrcBuildingConstructionLoop;null;null;0;0;0;null;PathTextures\4x4SimpleSolid.tga;Rosp,Rorb,Rgfo;0;Alternate;0;0;1;0;null;null;null;1;900;0;0;units\creeps\IceTroll\IceTroll.mdl;0;1;80;1;1;0;0;null;0;1;2.5;0;0;0;1800;0;0;0;unwalkable;0;null;Bandit;0;1;5;buff菜鸟;A00A,Abds,Arbr,Aspi;建造buff菜鸟;造我把，你不会后悔，最好多造点;255;0;1;0;buffer;0;null;3;0;null;0;0;1;3;1;null;2;800;0;1;0;0;0;null;0;0;0.5;0;3;0;450;0;0;0;72;0;0;null;0;0;0;null;1;0;large;3;0;null;1;null;135;null;orc;0;null;0;1600;0;0;0;1;512;null;o00I;0;null;0;null;Mechanical;0.15;255;0;0;200;0.15;null;0;0;0;none;OSMA;60;null;null;owtw;unit
o00Z;0.3;0;0;0;siege;null;0;0;siege;0.51;null;0;Objects\Spawnmodels\Human\HCancelDeath\HCancelDeath.mdl;0;52;0;null;0;3;450;0;0;0;120;0;15;250;0;0;200;3;0;2;-1;500;0;0;0;50;ReplaceableTextures\CommandButtons\BTNBansheeRanger.blp;1;0;0;50;*;Objects\InventoryItems\TreasureChest\treasurechest.mdl;0;0.3;null;255;512;1;null;20;null;0;null;0;null;null;null;2.34;null;35;D;ShadowGuardTower;msplash;enemies,ground;Wood;0;0;55;0;0;null;0;0;0;0;4;110;0;0;0;0;null;50;structure;0;enemies,ground;0;0;OrcBuildingConstructionLoop;null;null;0;0;0;null;PathTextures\4x4SimpleSolid.tga;Rosp,Rorb,Rgfo;0;Alternate;0;0;1;0;null;null;air,enemies;1;1200;0;0;Units\Creeps\BansheeRanger\BansheeRanger.mdl;0;3;80;1;1;0;0;null;0;3;2.5;0;0;0;1800;0;0;0;unwalkable;0;null;WatchTower;0;1;50;buff熟手;A009;建造buff熟手;可以更好的加buff了;255;0;1;0;buffer;0;null;3;20;null;35;0;1;52;1;null;2;800;0;1;1;0;0;null;0;0;0.57;0;40;0;450;0;0;0;72;0;0;null;0;0;0;null;1;0;large;3;0;null;1;null;135;null;orc;1;null;0;1600;0;0;0;3;512;null;o00I;0;null;0;null;Mechanical;0.15;255;0;0;200;0.15;Objects\InventoryItems\TreasureChest\treasurechest.mdl;1800;0;0;none;OSMA;60;null;null;owtw;unit
o010;0.3;0;0;0;pierce;null;0;0;normal;0.51;null;0;Objects\Spawnmodels\Human\HCancelDeath\HCancelDeath.mdl;0;0;0;null;0;1;0;0;0;0;120;0;15;250;0;0;200;0;0;2;-1;500;0;0;0;0;ReplaceableTextures\CommandButtons\BTNShadowHunter.blp;1;0;0;0;*;Abilities\Weapons\BrewmasterMissile\BrewmasterMissile.mdl;0;0.3;null;50;512;1;null;0;null;0;null;0;null;null;null;2.34;null;0;C;ShadowGuardTower;missile;null;Wood;0;0;55;0;0;null;0;0;0;0;4;110;0;0;0;0;null;50;structure;0;air,enemies,ground;0;0;OrcBuildingConstructionLoop;null;null;0;0;0;null;PathTextures\4x4SimpleSolid.tga;Rosp,Rorb,Rgfo;0;Alternate;0;0;1;0;null;null;null;1;800;0;0;units\orc\HeroShadowHunter\HeroShadowHunter.mdl;0;4;80;1;1;0;0;null;0;1;2.5;0;0;0;1800;0;0;0;unwalkable;0;null;WatchTower;0;1;75;buff高手;A008,Abds,Arbr,Aspi;建造buff高手;更更好的加buff;50;0;1;0;buffer;0;null;3;0;null;0;0;1;90;1;null;2;800;0;1;0;0;0;null;0;0;0.4;0;60;0;450;0;0;0;72;0;0;null;0;0;0;null;1;0;large;3;0;null;1;null;135;null;orc;0;null;0;1600;0;0;0;1;512;null;o00I;0;null;0;null;Mechanical;0.15;50;0;0;200;0.15;null;0;0;0;none;OSMA;60;null;null;owtw;unit
o011;0.3;0;0;0;normal;null;0;0;normal;0.51;null;0;Objects\Spawnmodels\Human\HCancelDeath\HCancelDeath.mdl;0;0;0;null;0;1;0;0;0;0;120;0;15;250;0;0;200;0;0;2;-1;500;0;0;0;0;ReplaceableTextures\CommandButtons\BTNDranaiMage.blp;1;0;0;50;*;Abilities\Weapons\WingedSerpentMissile\WingedSerpentMissile.mdl;0;0.3;null;255;512;1;null;0;null;0;null;0;null;null;null;2.34;null;0;Y;ShadowGuardTower;msplash;air,enemies,ground;Wood;0;0;55;0;0;null;0;0;0;0;4;110;0;0;0;0;null;50;structure;0;air,enemies,ground;0;0;OrcBuildingConstructionLoop;null;null;0;0;0;null;PathTextures\4x4SimpleSolid.tga;Rosp,Rorb,Rgfo;0;Alternate;0;0;1;0;null;null;null;1;900;0;0;units\other\DranaiMage\DranaiMage.mdl;0;1;80;1;1;0;0;null;0;1;2.5;0;0;0;1800;0;0;0;unwalkable;0;null;GoblinSapper;0;1;190;创新家;A00B,Abds,Arbr,Aspi;建造创新家;另辟蹊径，学会了增加攻击力的buff.;255;0;1;0;buffer;0;null;3;30;null;40;0;1;179;1;null;2;800;0;1;0;0;0;null;0;0;2;0;165;0;450;0;0;0;72;0;0;null;0;0;0;null;1;0;large;3;0;null;1;null;135;null;orc;0;null;0;1600;0;0;0;1;512;null;o00I;0;null;0;null;Mechanical;0.15;255;0;0;200;0.15;null;0;0;0;none;OSMA;60;null;null;owtw;unit
o012;0.3;0;0;0;chaos;null;0;0;normal;0.51;null;0;Objects\Spawnmodels\Human\HCancelDeath\HCancelDeath.mdl;0;0;0;null;0;1;0;0;0;0;120;0;15;250;0;0;200;0;0;2;-1;500;0;0;0;0;ReplaceableTextures\CommandButtons\BTNBandit.blp;1;0;0;0;*;Abilities\Weapons\GlaiveMissile\GlaiveMissile.mdl;0;0.3;null;255;512;1;null;0;null;0;null;0;null;null;null;2.34;null;0;D;ShadowGuardTower;missile;null;Wood;0;0;55;0;0;null;0;0;0;0;4;110;0;0;0;0;null;50;structure;0;air,enemies,ground;0;0;OrcBuildingConstructionLoop;null;null;0;0;0;null;PathTextures\4x4SimpleSolid.tga;Rosp,Rorb,Rgfo;0;Alternate;0;0;1;0;null;null;null;1;900;0;0;units\creeps\Bandit\Bandit.mdl;0;5;80;1;1;0;0;null;0;1;2.5;0;0;0;1800;0;0;0;unwalkable;0;null;WatchTower;0;1;300;输出选手2号;Abds,Arbr,Aspi;建造输出选手2号;输出才是王道，价格不贵，输出不错;255;0;1;0;buffer;0;null;3;0;null;0;0;3;323;1;null;2;800;0;1;0;0;0;null;0;0;0.6;0;250;0;450;0;0;0;72;0;0;null;0;0;0;null;1;0;large;3;0;null;1;null;135;null;orc;0;null;0;1600;0;0;0;1;512;null;o00I;0;null;0;null;Mechanical;0.15;255;0;0;200;0.15;null;0;0;0;none;OSMA;60;null;null;owtw;unit
o013;0.3;0;0;0;siege;null;0;0;normal;0.51;null;0;Objects\Spawnmodels\Human\HCancelDeath\HCancelDeath.mdl;0;0;0;null;0;1;0;0;0;0;120;0;15;250;0;0;200;0;0;2;-1;500;0;0;0;0;ReplaceableTextures\CommandButtons\BTNSorceress.blp;1;0;0;150;*;abilities\weapons\catapult\catapultmissile.mdl;0;0.3;null;255;512;1;null;0;null;0;null;0;null;null;null;2.34;null;0;C;ShadowGuardTower;msplash;air,enemies,ground,notself,organic;Stone;0;0;55;0;0;null;0;0;0;0;4;110;0;0;0;0;null;50;structure;0;enemies,ground;0;0;OrcBuildingConstructionLoop;null;null;0;0;0;null;PathTextures\4x4SimpleSolid.tga;Rosp,Rorb,Rgfo;0;Alternate;0;0;1;0;null;null;null;1;1000;0;0;units\human\Sorceress\Sorceress_V1.mdl;0;10;80;1;1;0;0;null;0;1;2.5;0;0;0;1800;0;0;0;unwalkable;0;null;Sorceress;0;1;180;群架新人;A001;建造群架新人;刚刚学会打群架的新人，已具备不错的实力;255;0;1;0;buffer;0;null;3;100;null;120;0;1;124;1;null;2;800;0;1;0;0;0;null;0;0;0.4;0;120;0;800;0;0;0;72;0;0;null;0;0;0;null;1;0;large;3;0;null;1;null;135;null;orc;0;null;0;1600;0;0;0;1;512;null;o00I;0;null;0;null;Mechanical;0.15;255;0;0;200;0.15;null;0;0;0;none;OSMA;60;null;RockHeavyBash;owtw;unit
o014;0.3;0;0;0;hero;null;0;0;normal;0.51;null;0;Objects\Spawnmodels\Human\HCancelDeath\HCancelDeath.mdl;0;0;0;null;0;1;0;0;0;0;120;0;15;250;0;0;200;0;0;2;-1;500;0;0;0;0;ReplaceableTextures\CommandButtons\BTNVillagerMan1.blp;1;0;0;0;*;Abilities\Weapons\Banditmissile\Banditmissile.mdl;0;0.3;null;50;512;1;null;0;null;0;null;0;null;null;null;2.34;null;0;E;ShadowGuardTower;missile;null;Wood;0;0;55;0;0;null;0;0;0;0;4;110;0;0;0;0;null;50;structure;0;air,enemies,ground;0;0;OrcBuildingConstructionLoop;null;null;0;0;0;null;PathTextures\4x4SimpleSolid.tga;Rosp,Rorb,Rgfo;0;Alternate;0;0;1;0;null;null;null;1;900;0;0;units\critters\VillagerMan1\VillagerMan1.mdl;0;4;80;1;1;0;0;null;0;1;2.5;0;0;0;1800;0;0;0;unwalkable;0;null;HeadHunter;0;1;10;普通人;Abds,Arbr,Aspi;建造普通人;普普通通，不强不弱;25;0;1;0;buffer;0;null;3;0;null;0;0;1;4;1;null;2;800;0;1;0;0;0;null;0;0;0.05;0;7;0;750;0;0;0;72;0;0;null;0;0;0;null;1;0;large;3;0;null;1;null;135;null;orc;0;null;0;1600;0;0;0;1;512;null;o00I;0;null;0;null;Mechanical;0.15;50;0;0;200;0.15;null;0;0;0;none;OSMA;60;null;null;owtw;unit
o015;0.3;0;0;0;hero;null;0;0;normal;0.51;null;0;Objects\Spawnmodels\Human\HCancelDeath\HCancelDeath.mdl;0;0;0;null;0;1;0;0;0;0;120;0;15;250;0;0;200;0;0;2;-1;500;0;0;0;0;ReplaceableTextures\CommandButtons\BTNSpiritWalker.blp;1;0;0;0;*;Abilities\Weapons\WingedSerpentMissile\WingedSerpentMissile.mdl;0;0.3;null;255;512;1;null;0;null;0;null;0;null;null;null;2.34;null;0;J;ShadowGuardTower;missile;null;Wood;0;0;55;0;0;null;0;0;0;0;4;110;0;0;0;0;null;50;structure;0;air,enemies,ground;0;0;OrcBuildingConstructionLoop;null;null;0;0;0;null;PathTextures\4x4SimpleSolid.tga;Rosp,Rorb,Rgfo;0;Alternate;0;0;1;0;null;null;null;1;900;0;0;units\orc\spiritwalker\spiritwalker.mdl;0;5;80;1;1;0;0;null;0;1;2.5;0;0;0;1800;0;0;0;unwalkable;0;null;HeadHunter;0;1;30;会减速的普通人;A00C,Abds,Arbr,Aspi;建造会减速的普通人;虽然会减速，仍然是个普通人;255;0;1;0;buffer;0;null;3;0;null;0;0;1;18;1;null;2;800;0;1;0;0;0;null;0;0;0.05;0;25;0;750;0;0;0;72;0;0;null;0;0;0;null;1;0;large;3;0;null;1;null;135;null;orc;0;null;0;1600;0;0;0;1;512;null;o00I;0;null;0;null;Mechanical;0.15;255;0;0;200;0.15;null;0;0;0;none;OSMA;60;null;null;owtw;unit
o016;0.3;0;0;0;hero;null;0;0;normal;0.51;null;0;Objects\Spawnmodels\Human\HCancelDeath\HCancelDeath.mdl;0;0;0;null;0;1;0;0;0;0;120;0;15;250;0;0;200;0;0;2;-1;500;0;0;0;0;ReplaceableTextures\CommandButtons\BTNShadowHunter.blp;1;0;0;0;*;Abilities\Weapons\AvengerMissile\AvengerMissile.mdl;0;0.3;null;255;512;1;null;0;null;0;null;0;null;null;null;2.34;null;0;C;ShadowGuardTower;missile;null;Wood;0;0;55;0;0;null;0;0;0;0;4;110;0;0;0;0;null;50;structure;0;air,enemies,ground;0;0;OrcBuildingConstructionLoop;null;null;0;0;0;null;PathTextures\4x4SimpleSolid.tga;Rosp,Rorb,Rgfo;0;Alternate;0;0;1;0;null;null;null;1;900;0;0;units\orc\HeroShadowHunter\HeroShadowHunter.mdl;0;8;80;1;1;0;0;null;0;1;2.5;0;0;0;1800;0;0;0;unwalkable;0;null;Bandit;0;1;90;高手;Abds,Arbr,Aspi;建造高手;普通人，变成的高手，实力大步提升;255;0;1;0;buffer;0;null;3;0;null;0;0;1;49;1;null;2;800;0;1;0;0;0;null;0;0;0.05;0;75;0;750;0;0;0;72;0;0;null;0;0;0;null;1;0;large;3;0;null;1;null;135;null;orc;0;null;0;1600;0;0;0;1;512;null;o00I;0;null;0;null;Mechanical;0.15;255;0;0;200;0.15;null;0;0;0;none;OSMA;60;null;null;owtw;unit
o017;0.3;0;0;0;hero;null;0;0;normal;0.51;null;0;Objects\Spawnmodels\Human\HCancelDeath\HCancelDeath.mdl;0;0;0;null;0;1;0;0;0;0;120;0;15;250;0;0;200;0;0;2;-1;500;0;0;0;0;ReplaceableTextures\CommandButtons\BTNAssassin.blp;1;0;0;0;*;Abilities\Spells\Other\FrostBolt\FrostBoltMissile.mdl;0;0.3;null;255;512;1;null;0;null;0;null;0;null;null;null;2.34;null;0;P;ShadowGuardTower;missile;null;Wood;0;0;55;0;0;null;0;0;0;0;4;110;0;0;0;0;null;50;structure;0;air,enemies,ground;0;0;OrcBuildingConstructionLoop;null;null;0;0;0;null;PathTextures\4x4SimpleSolid.tga;Rosp,Rorb,Rgfo;0;Alternate;0;0;1;0;null;null;null;1;900;0;0;units\creeps\assassin\assassin.mdl;0;8;80;1;1;0;0;null;0;1;2.5;0;0;0;1800;0;0;0;unwalkable;0;null;VillagerWoman;0;1;150;高高手;Abds,Arbr,Aspi;建造高高手;精英高手。。;255;0;1;0;buffer;0;null;3;0;null;0;0;1;74;1;null;2;800;0;1;0;0;0;null;0;0;0.05;0;125;0;750;0;0;0;72;0;0;null;0;0;0;null;1;0;large;3;0;null;1;null;135;null;orc;0;null;0;1600;0;0;0;1;512;null;o00I;0;null;0;null;Mechanical;0.15;255;0;0;200;0.15;null;0;0;0;none;OSMA;60;null;null;owtw;unit
o018;0.3;0;0;0;hero;null;0;0;normal;0.51;null;0;Objects\Spawnmodels\Human\HCancelDeath\HCancelDeath.mdl;0;0;0;null;0;1;0;0;0;0;120;0;15;250;0;0;200;0;0;2;-1;500;0;0;0;0;ReplaceableTextures\CommandButtons\BTNVillagerMan.blp;1;0;0;0;*;Abilities\Spells\Other\FrostBolt\FrostBoltMissile.mdl;0;0.3;null;255;512;1;null;0;null;0;null;0;null;null;null;2.34;null;0;L;ShadowGuardTower;missile;null;Wood;0;0;55;0;0;null;0;0;0;0;4;110;0;0;0;0;null;50;structure;0;air,enemies,ground;0;0;OrcBuildingConstructionLoop;null;null;0;0;0;null;PathTextures\4x4SimpleSolid.tga;Rosp,Rorb,Rgfo;0;Alternate;0;0;1;0;null;null;null;1;900;0;0;units\critters\VillagerMan\VillagerMan.mdl;0;21;80;1;1;0;0;null;0;1;2.5;0;0;0;1800;0;0;0;unwalkable;0;null;VillagerMan;0;1;240;民间高手;Abds,Arbr,Aspi;建造民间高手;看起来跟普通人差不多，然而高手在民间。;255;0;1;0;buffer;0;null;3;0;null;0;0;1;119;1;null;2;800;0;1;0;0;0;null;0;0;0.05;0;215;0;750;0;0;0;72;0;0;null;0;0;0;null;1;0;large;3;0;null;1;null;135;null;orc;0;null;0;1600;0;0;0;1;512;null;o00I;0;null;0;null;Mechanical;0.15;255;0;0;200;0.15;null;0;0;0;none;OSMA;60;null;null;owtw;unit
owtw;0.3;0;0;0;pierce;null;0;0;normal;0.51;null;0;Objects\Spawnmodels\Human\HCancelDeath\HCancelDeath.mdl;0;0;0;null;0;1;0;0;0;0;120;0;15;250;0;0;200;0;0;2;-1;500;0;0;0;0;ReplaceableTextures\CommandButtons\BTNOrcTower.blp;1;0;0;0;*;Abilities\Weapons\GuardTowerMissile\GuardTowerMissile.mdl;0;0.3;null;255;512;1;null;0;null;0;null;0;null;null;null;2.34;null;0;W;ShadowGuardTower;missile;null;Wood;0;0;55;0;0;null;0;0;0;0;4;110;0;0;0;0;null;50;structure;0;ground,structure,debris,air,item,ward;0;0;OrcBuildingConstructionLoop;null;null;0;0;0;null;PathTextures\4x4SimpleSolid.tga;Rosp,Rorb,Rgfo;0;Alternate;0;0;55;0;null;null;null;1;900;0;0;units\critters\Penguin\Penguin.mdl;0;11;80;1;1;0;0;null;0;1;2.5;0;0;0;1800;0;0;0;unbuildable;0;null;WatchTower;0;1;7;Giant Penguin;null;Build |cffffcc00G|riant Penguin;防御性建筑，能得到到加强型防御升级。|n|n|cffffcc00能攻击地面和空中单位。|r;255;0;1;0;buffer;0;null;3;0;null;0;0;1;1;1;null;2;800;0;1;0;0;0;null;0;0;0.6;0;100;0;800;0;0;0;72;0;0;null;0;0;0;null;1;0;large;3;0;null;1;null;135;null;orc;0;null;0;1600;0;0;0;1;512;null;null;0;null;0;null;Mechanical;0.15;255;0;0;200;0.15;null;0;0;0;none;OSMA;60;null;null;owtw;unit
u000;0.4;120;0;0;unknown;null;0;0;normal;0.51;null;2;Objects\Spawnmodels\Undead\UndeadLargeDeathExplode\UndeadLargeDeathExplode.mdl;0;0;0;null;50;1;0;0;0;4;60;0;0;250;15;0;150;0;1;1;-1;220;0.3;0;0;0;ReplaceableTextures\CommandButtons\BTNSpellBreaker.blp;1;0;5;0;*;null;0;0.5;null;255;0;1;null;0;null;0;null;0;null;null;null;3;null;0;S;null;normal;null;Flesh;0;0;15;0;0;null;0;0;0;0.6;0;75;0;1;0;0;null;20;ground;0;ground,structure,debris,item,ward;0;0;null;null;null;30;0;200;null;null;null;0;null;0;0;1;120;null;null;null;1;500;0;0;units\human\BloodElfSpellThief\BloodElfSpellThief.mdl;3;2;0;1;1;0;0;null;0;1;1;0;0;0;1500;0;0;0;null;0;null;Acolyte;0;1;0;群架高手;Avul;召唤群架高手;绝活多重攻击，来多少都白给，当然这是后期，前期嘛。。;255;0;1;0;null;0;null;0;0;fly;0;0;1;8;1;null;3;600;0;2;0;0;522;null;0;0;2.5;0;100;0;90;0;0;50;16;0;3;null;0;0;0;null;1;0;medium;0;0;null;0;Shadow;60;null;undead;0;null;0;800;0;0;0;1;0;null;null;0;null;0;null;peon;0;255;0;0;150;0.15;null;1500;0;0;blight;null;60;o005,o00R,o00S,o013,o004;WoodLightBash;uaco;unit
u001;0.4;120;0;0;unknown;null;0;0;normal;0.51;null;2;Objects\Spawnmodels\Undead\UndeadLargeDeathExplode\UndeadLargeDeathExplode.mdl;0;0;0;null;50;1;0;0;0;4;60;0;0;250;15;0;150;0;1;1;-1;220;0.3;0;0;0;ReplaceableTextures\CommandButtons\BTNHeroPaladin.blp;1;0;5;0;*;null;0;0.5;null;255;0;1;null;0;null;0;null;0;null;null;null;3;null;0;B;null;normal;null;Flesh;0;0;15;0;0;null;0;0;0;0.6;0;75;0;1;0;0;null;20;ground;0;ground,structure,debris,item,ward;0;0;null;null;null;30;0;200;null;null;Rguv;0;null;0;0;1;120;null;null;null;1;500;0;0;units\human\HeroPaladin\HeroPaladin.mdl;3;2;0;1;1;0;0;null;0;1;1;0;0;0;1500;0;0;0;null;0;null;Acolyte;0;1;0;靠不住的家伙;Avul;召唤靠不住家伙;强的时候巨硬，弱的时候垃圾， 试试运气？;255;0;1;0;null;0;null;0;0;fly;0;0;1;8;1;null;3;600;0;2;0;0;522;null;0;0;2.5;0;100;0;90;0;0;50;16;0;3;null;0;0;0;null;1;0;medium;0;0;null;0;Shadow;60;null;undead;0;null;0;800;0;0;0;1;0;null;null;0;null;0;null;peon;0;255;0;0;150;0.15;null;1500;0;0;blight;null;60;o000,o00O,o002,o001,o00P,o00Q;WoodLightBash;uaco;unit
u002;0.4;120;0;0;unknown;null;0;0;normal;0.51;null;2;Objects\Spawnmodels\Undead\UndeadLargeDeathExplode\UndeadLargeDeathExplode.mdl;0;0;0;null;50;1;0;0;0;4;60;0;0;250;15;0;150;0;1;1;-1;220;0.3;0;0;0;ReplaceableTextures\CommandButtons\BTNVillagerWoman.blp;1;0;5;0;*;null;0;0.5;null;255;0;1;null;0;null;0;null;0;null;null;null;3;null;0;V;null;normal;null;Flesh;0;0;15;0;0;null;0;0;0;0.6;0;75;0;1;0;0;null;20;ground;0;ground,structure,debris,item,ward;0;0;null;null;null;30;0;200;null;null;Rguv;0;null;0;0;1;120;null;null;null;1;500;0;0;units\critters\VillagerWoman\VillagerWoman.mdl;3;2;0;1;1;0;0;null;0;1;1;0;0;0;1500;0;0;0;null;0;null;Acolyte;0;1;0;狙击手;Avul;召唤狙击手;绝活打得远， 不过贵也是真的贵;255;0;1;0;null;0;null;0;0;fly;0;0;1;8;1;null;3;600;0;2;0;0;522;null;0;0;2.5;0;100;0;90;0;0;50;16;0;3;null;0;0;0;null;1;0;medium;0;0;null;0;Shadow;60;null;undead;0;null;0;800;0;0;0;1;0;null;null;0;null;0;null;peon;0;255;0;0;150;0.15;null;1500;0;0;blight;null;60;o00M,o00N,o00L,o00J,o003,o00K;WoodLightBash;uaco;unit
u003;0.4;120;0;0;unknown;null;0;0;normal;0.51;null;2;Objects\Spawnmodels\Undead\UndeadLargeDeathExplode\UndeadLargeDeathExplode.mdl;0;0;0;null;50;1;0;0;0;4;60;0;0;250;15;0;150;0;1;1;-1;220;0.3;0;0;0;ReplaceableTextures\CommandButtons\BTNHeroAlchemist.blp;1;0;5;0;*;null;0;0.5;null;255;0;1;null;0;null;0;null;0;null;null;null;3;null;0;L;null;normal;null;Flesh;0;0;15;0;0;null;0;0;0;0.6;0;75;0;1;0;0;null;20;ground;0;ground,structure,debris,item,ward;0;0;null;null;null;30;0;200;null;null;Rguv;0;null;0;0;1;120;null;null;null;1;500;0;0;Units\Creeps\HeroGoblinAlchemist\HeroGoblinAlchemist.mdl;3;2;0;1;1;0;0;null;0;1;1;0;0;0;1500;0;0;0;null;0;null;Acolyte;0;1;0;加buff狂;Avul;召唤加buff狂;绝活给友军加buff，叼得一B。;255;0;1;0;null;0;null;0;0;fly;0;0;1;8;1;null;3;600;0;2;0;0;522;null;0;0;2.5;0;100;0;90;0;0;50;16;0;3;null;0;0;0;null;1;0;medium;0;0;null;0;Shadow;60;null;undead;0;null;0;800;0;0;0;1;0;null;null;0;null;0;null;peon;0;255;0;0;150;0.15;null;1500;0;0;blight;null;60;o00Y,o00Z,o010,o011,o012;WoodLightBash;uaco;unit
u004;0.4;120;0;0;unknown;null;0;0;normal;0.51;null;2;Objects\Spawnmodels\Undead\UndeadLargeDeathExplode\UndeadLargeDeathExplode.mdl;0;0;0;null;50;1;0;0;0;4;60;0;0;250;15;0;150;0;1;1;-1;220;0.3;0;0;0;ReplaceableTextures\CommandButtons\BTNDruidOfTheClaw.blp;1;0;5;0;*;null;0;0.5;null;255;0;1;null;0;null;0;null;0;null;null;null;3;null;0;M;null;normal;null;Flesh;0;0;15;0;0;null;0;0;0;0.6;0;75;0;1;0;0;null;20;ground;0;ground,structure,debris,item,ward;0;0;null;null;null;30;0;200;null;null;Rguv;0;null;0;0;1;120;null;null;null;1;500;0;0;units\nightelf\DruidoftheClaw\DruidoftheClaw.mdl;3;2;0;1;1;0;0;null;0;1;1;0;0;0;1500;0;0;0;null;0;null;Acolyte;0;1;0;减速大师;Avul;召唤减速大师;绝活减速，想跑，门儿都没有。;255;0;1;0;null;0;null;0;0;fly;0;0;1;8;1;null;3;600;0;2;0;0;522;null;0;0;2.5;0;100;0;90;0;0;50;16;0;3;null;0;0;0;null;1;0;medium;0;0;null;0;Shadow;60;null;undead;0;null;0;800;0;0;0;1;0;null;null;0;null;0;null;peon;0;255;0;0;150;0.15;null;1500;0;0;blight;null;60;o00T,o00U,o00W,o00V,o00X;WoodLightBash;uaco;unit
u005;0.4;120;0;0;unknown;null;0;0;normal;0.51;null;2;Objects\Spawnmodels\Undead\UndeadLargeDeathExplode\UndeadLargeDeathExplode.mdl;0;0;0;null;50;1;0;0;0;4;60;0;0;250;15;0;150;0;1;1;-1;220;0.3;0;0;0;ReplaceableTextures\CommandButtons\BTNAcolyte.blp;1;0;5;0;*;null;0;0.5;null;255;0;1;null;0;null;0;null;0;null;null;null;3;null;0;D;null;normal;null;Flesh;0;0;15;0;0;null;0;0;0;0.6;0;75;0;1;0;0;null;20;ground;0;ground,structure,debris,item,ward;0;0;null;null;null;30;0;200;null;null;Rguv;0;null;0;0;1;120;null;null;null;1;500;0;0;units\undead\Acolyte\Acolyte;3;2;0;1;1;0;0;null;0;1;1;0;0;0;1500;0;0;0;null;0;null;Acolyte;0;1;0;实用主义者;Avul;召唤实用主义者;没有绝活，胜在实用，性价比高的一B。;255;0;1;0;null;0;null;0;0;fly;0;0;1;8;1;null;3;600;0;2;0;0;522;null;0;0;2.5;0;100;0;90;0;0;50;16;0;3;null;0;0;0;null;1;0;medium;0;0;null;0;Shadow;60;null;undead;0;null;0;800;0;0;0;1;0;null;null;0;null;0;null;peon;0;255;0;0;150;0.15;null;1500;0;0;blight;null;60;o014,o015,o016,o017,o018;WoodLightBash;uaco;unit
u006;0.39;120;0;0;normal;null;0.433;0;normal;0.51;null;2;Objects\Spawnmodels\Undead\UndeadLargeDeathExplode\UndeadLargeDeathExplode.mdl;10;0;0;null;60;1;66;0;0;0;60;0;0;250;20;0;220;1;2;5;-1;475;0;0;10;0;ReplaceableTextures\CommandButtons\BTNGhoul.blp;1;0;6;0;*;null;0;0.44;null;40;0;1;null;0;null;0;null;0;null;null;null;1.67;normal;0;G;null;normal;null;Flesh;0;0;18;0;0;null;0;0;0;0.5;0;120;0;1;0;1.35;null;20;ground;0;ground,structure,debris,item,ward;0;0;null;null;null;30;0;0;null;null;Ruar,Rume,Rugf,Ruac,Rupm,Rguv;0;null;0.433;0;18;120;null;null;tree;2;500;0;0;units\critters\VillagerMan1\VillagerMan1.mdl;3;1;0;1;1;0;0;null;0;3;1.1;0;0;0;1500;0;0;0;null;0;AxeMediumChop;Ghoul;0;1;120;冲呀;Acan,Ahrl,Aiun;训练食尸鬼(|cffffcc00G|r);基本的地面单位，也能采集木材。能学习到吞食尸体和食尸鬼狂热技能。|n|n|cffffcc00能攻击地面单位和树木。|r;40;0;1;0;null;0;null;5;0;foot;0;0;1;999;1;null;3;800;0;2;0;0;270;null;0;0;1.3;120;100;0;90;0;0;60;10;0;3;null;0;0;0;null;1;0;large;0;0;null;0;Shadow;60;null;undead;2;null;0;1400;0;0;0;1;0;null;null;0;null;0;null;null;0;40;0;0;220;0.15;null;1500;0;0;blight;null;60;null;WoodMediumBash;ugho;unit
u007;0.39;120;0;0;normal;null;0.433;0;normal;0.51;null;2;Objects\Spawnmodels\Undead\UndeadLargeDeathExplode\UndeadLargeDeathExplode.mdl;10;0;0;null;60;1;66;0;0;0;60;0;0;250;20;0;220;1;2;5;-1;600;0;0;10;0;ReplaceableTextures\CommandButtons\BTNGhoul.blp;1;0;6;0;*;null;0;0.44;null;255;0;1;null;0;null;0;null;0;null;null;null;1.67;normal;0;G;null;normal;null;Flesh;0;0;18;0;0;null;0;0;0;0.5;0;120;0;1;0;1.35;null;20;ground;0;ground,structure,debris,item,ward;0;0;null;null;null;30;0;0;null;null;Ruar,Rume,Rugf,Ruac,Rupm,Rguv;0;null;0.433;0;18;120;null;null;tree;2;500;0;0;units\critters\VillagerWoman\VillagerWoman.mdl;3;1;0;1;1;0;0;null;0;3;1.1;0;0;0;1500;0;0;0;null;0;AxeMediumChop;Ghoul;0;1;120;来，打我;Acan,Ahrl,Aiun;训练食尸鬼(|cffffcc00G|r);基本的地面单位，也能采集木材。能学习到吞食尸体和食尸鬼狂热技能。|n|n|cffffcc00能攻击地面单位和树木。|r;255;0;1;0;null;0;null;7;0;foot;0;0;1;999;1;null;3;800;0;2;0;0;270;null;0;0;1.3;120;100;0;90;0;0;60;10;0;3;null;0;0;0;null;1;0;fort;0;0;null;0;Shadow;60;null;undead;2;null;0;1400;0;0;0;1;0;null;null;0;null;0;null;null;0;255;0;0;220;0.15;null;1500;0;0;blight;null;60;null;WoodMediumBash;ugho;unit
u008;0.39;120;0;0;normal;null;0.433;0;normal;0.51;null;2;Objects\Spawnmodels\Undead\UndeadLargeDeathExplode\UndeadLargeDeathExplode.mdl;10;0;0;null;60;1;66;0;0;0;60;0;0;250;20;0;220;1;2;5;-1;800;0;0;10;0;ReplaceableTextures\CommandButtons\BTNGhoul.blp;1;0;6;0;*;null;0;0.44;null;255;0;1;null;0;null;0;null;0;null;null;null;1.67;normal;0;G;null;normal;null;Flesh;0;0;18;0;0;null;0;0;0;0.5;0;120;0;1;0;1.35;null;20;ground;0;ground,structure,debris,item,ward;0;0;null;null;null;30;0;0;null;null;Ruar,Rume,Rugf,Ruac,Rupm,Rguv;0;null;0.433;0;18;120;null;null;tree;2;500;0;0;units\other\BloodElfLieutenant\BloodElfLieutenant.mdl;3;1;0;1;1;0;0;null;0;3;1.1;0;0;0;1500;0;0;0;null;0;AxeMediumChop;Ghoul;0;1;120;啊呀呀;Acan,Ahrl,Aiun;训练食尸鬼(|cffffcc00G|r);基本的地面单位，也能采集木材。能学习到吞食尸体和食尸鬼狂热技能。|n|n|cffffcc00能攻击地面单位和树木。|r;255;0;1;0;null;0;null;6;0;foot;0;0;1;999;1;null;3;800;0;13;0;0;270;null;0;0;1.3;120;100;0;90;0;0;60;10;0;3;null;0;0;0;null;1;0;normal;0;0;null;0;Shadow;60;null;undead;2;null;0;1400;0;0;0;1;0;null;null;0;null;0;null;null;0;255;0;0;220;0.15;null;1500;0;0;blight;null;60;null;WoodMediumBash;ugho;unit
u009;0.39;120;0;0;normal;null;0.433;0;normal;0.51;null;2;Objects\Spawnmodels\Undead\UndeadLargeDeathExplode\UndeadLargeDeathExplode.mdl;10;0;0;null;60;1;66;0;0;0;60;0;0;250;20;0;220;1;2;5;-1;1100;0;0;10;0;ReplaceableTextures\CommandButtons\BTNGhoul.blp;1;0;6;0;*;null;0;0.44;null;255;0;1;null;0;null;0;null;0;null;null;null;1.67;normal;0;G;null;normal;null;Flesh;0;0;18;0;0;null;0;0;0;0.5;0;120;0;1;0;1.35;null;20;ground;0;ground,structure,debris,item,ward;0;0;null;null;null;30;0;0;null;null;Ruar,Rume,Rugf,Ruac,Rupm,Rguv;0;null;0.433;0;18;120;null;null;tree;2;500;0;0;units\human\Priest\Priest_V1.mdl;3;1;0;1;1;0;0;null;0;3;1.1;0;0;0;1500;0;0;0;null;0;AxeMediumChop;Ghoul;0;1;120;给我冲;Acan,Ahrl,Aiun;训练食尸鬼(|cffffcc00G|r);基本的地面单位，也能采集木材。能学习到吞食尸体和食尸鬼狂热技能。|n|n|cffffcc00能攻击地面单位和树木。|r;255;0;1;0;null;0;null;5;0;foot;0;0;1;999;1;null;3;800;0;14;0;0;270;null;0;0;1.3;120;100;0;90;0;0;60;10;0;3;null;0;0;0;null;1;0;small;0;0;null;0;Shadow;60;null;undead;2;null;0;1400;0;0;0;1;0;null;null;0;null;0;null;undead;0;255;0;0;220;0.15;null;1500;0;0;blight;null;60;null;WoodMediumBash;ugho;unit
uaco;0.4;120;0;0;normal;null;0;0;normal;0.51;null;2;Objects\Spawnmodels\Undead\UndeadLargeDeathExplode\UndeadLargeDeathExplode.mdl;0;0;0;null;50;1;0;0;0;4;60;0;0;250;15;0;150;0;1;1;-1;220;0.3;0;0;0;ReplaceableTextures\CommandButtons\BTNAcolyte.blp;1;0;5;0;*;null;0;0.5;null;255;0;1;null;0;null;0;null;0;null;null;null;3;null;0;B;null;normal;null;Flesh;0;0;15;0;0;null;0;0;0;0.6;0;75;0;1;0;0;null;20;ground;0;ground,structure,debris,item,ward;0;0;null;null;null;30;0;0;null;null;Rguv;0;null;0;0;15;120;null;null;null;1;500;0;0;units\undead\Acolyte\Acolyte;3;2;0;1;1;0;0;null;0;0;1;0;0;0;1500;0;0;0;null;0;null;Acolyte;0;1;75;叫爸爸;null;|cffffcc00B|rig Daddy;Builds units from Big Daddy.  This race excels in ;255;0;1;0;null;0;null;0;0;foot;0;0;1;8;1;null;3;600;0;2;0;0;220;null;0;0;2.5;0;100;0;90;0;0;50;16;0;3;null;0;0;0;null;1;0;medium;0;0;null;0;Shadow;60;null;undead;0;null;0;800;0;0;0;1;0;null;null;0;null;0;null;Peon,undead;0;255;0;0;150;0.15;null;1500;0;0;blight;null;60;null;WoodLightBash;uaco;unit
